file,line,type,commit,author,date,time,timezone,datetime,depth,length
style.css,1,css,6b7cfc5a,duoanwang,2025-01-24,14:26:22,-08:00,2025-01-24T14:26:22-08:00,0,6
style.css,2,css,6b7cfc5a,duoanwang,2025-01-24,14:26:22,-08:00,2025-01-24T14:26:22-08:00,0,47
style.css,3,css,6b7cfc5a,duoanwang,2025-01-24,14:26:22,-08:00,2025-01-24T14:26:22-08:00,0,0
style.css,4,css,6b7cfc5a,duoanwang,2025-01-24,14:26:22,-08:00,2025-01-24T14:26:22-08:00,0,0
style.css,5,css,6b7cfc5a,duoanwang,2025-01-24,14:26:22,-08:00,2025-01-24T14:26:22-08:00,0,0
style.css,6,css,6b7cfc5a,duoanwang,2025-01-24,14:26:22,-08:00,2025-01-24T14:26:22-08:00,0,50
style.css,7,css,6b7cfc5a,duoanwang,2025-01-24,14:26:22,-08:00,2025-01-24T14:26:22-08:00,0,5
style.css,8,css,6b7cfc5a,duoanwang,2025-01-24,14:26:22,-08:00,2025-01-24T14:26:22-08:00,0,33
style.css,9,css,6b7cfc5a,duoanwang,2025-01-24,14:26:22,-08:00,2025-01-24T14:26:22-08:00,0,0
style.css,10,css,6b7cfc5a,duoanwang,2025-01-24,14:26:22,-08:00,2025-01-24T14:26:22-08:00,0,0
style.css,11,css,6b7cfc5a,duoanwang,2025-01-24,14:26:22,-08:00,2025-01-24T14:26:22-08:00,0,0
style.css,12,css,012b3e1e,duoanwang,2025-01-10,14:22:55,-08:00,2025-01-10T14:22:55-08:00,0,5
style.css,13,css,012b3e1e,duoanwang,2025-01-10,14:22:55,-08:00,2025-01-10T14:22:55-08:00,0,44
style.css,14,css,012b3e1e,duoanwang,2025-01-10,14:22:55,-08:00,2025-01-10T14:22:55-08:00,0,43
style.css,15,css,012b3e1e,duoanwang,2025-01-10,14:22:55,-08:00,2025-01-10T14:22:55-08:00,0,1
style.css,16,css,3b270476,duoanwang,2025-01-17,23:13:11,-08:00,2025-01-17T23:13:11-08:00,0,14
style.css,17,css,012b3e1e,duoanwang,2025-01-10,14:22:55,-08:00,2025-01-10T14:22:55-08:00,0,24
style.css,18,css,f57b3c85,duoanwang,2025-01-16,14:41:47,-08:00,2025-01-16T14:41:47-08:00,0,16
style.css,19,css,3b270476,duoanwang,2025-01-17,23:13:11,-08:00,2025-01-17T23:13:11-08:00,0,43
style.css,20,css,3b270476,duoanwang,2025-01-17,23:13:11,-08:00,2025-01-17T23:13:11-08:00,0,12
style.css,21,css,3b270476,duoanwang,2025-01-17,23:13:11,-08:00,2025-01-17T23:13:11-08:00,0,6
style.css,22,css,3b270476,duoanwang,2025-01-17,23:13:11,-08:00,2025-01-17T23:13:11-08:00,0,10
style.css,23,css,3b270476,duoanwang,2025-01-17,23:13:11,-08:00,2025-01-17T23:13:11-08:00,0,17
style.css,24,css,3b270476,duoanwang,2025-01-17,23:13:11,-08:00,2025-01-17T23:13:11-08:00,0,0
style.css,25,css,6b7cfc5a,duoanwang,2025-01-24,14:26:22,-08:00,2025-01-24T14:26:22-08:00,0,0
style.css,26,css,3b270476,duoanwang,2025-01-17,23:13:11,-08:00,2025-01-17T23:13:11-08:00,0,0
style.css,27,css,8186d8fa,duoanwang,2025-01-31,22:41:45,-08:00,2025-01-31T22:41:45-08:00,0,8
style.css,28,css,8186d8fa,duoanwang,2025-01-31,22:41:45,-08:00,2025-01-31T22:41:45-08:00,0,13
style.css,29,css,8186d8fa,duoanwang,2025-01-31,22:41:45,-08:00,2025-01-31T22:41:45-08:00,0,51
style.css,30,css,8186d8fa,duoanwang,2025-01-31,22:41:45,-08:00,2025-01-31T22:41:45-08:00,0,47
style.css,31,css,8186d8fa,duoanwang,2025-01-31,22:41:45,-08:00,2025-01-31T22:41:45-08:00,0,45
style.css,32,css,8186d8fa,duoanwang,2025-01-31,22:41:45,-08:00,2025-01-31T22:41:45-08:00,0,36
style.css,33,css,8186d8fa,duoanwang,2025-01-31,22:41:45,-08:00,2025-01-31T22:41:45-08:00,0,45
style.css,34,css,8186d8fa,duoanwang,2025-01-31,22:41:45,-08:00,2025-01-31T22:41:45-08:00,0,0
style.css,35,css,3b270476,duoanwang,2025-01-17,23:13:11,-08:00,2025-01-17T23:13:11-08:00,0,0
style.css,36,css,3b270476,duoanwang,2025-01-17,23:13:11,-08:00,2025-01-17T23:13:11-08:00,0,4
style.css,37,css,3b270476,duoanwang,2025-01-17,23:13:11,-08:00,2025-01-17T23:13:11-08:00,0,46
style.css,38,css,6b7cfc5a,duoanwang,2025-01-24,14:26:22,-08:00,2025-01-24T14:26:22-08:00,0,79
style.css,39,css,6b7cfc5a,duoanwang,2025-01-24,14:26:22,-08:00,2025-01-24T14:26:22-08:00,0,40
style.css,40,css,3b270476,duoanwang,2025-01-17,23:13:11,-08:00,2025-01-17T23:13:11-08:00,0,0
style.css,41,css,3b270476,duoanwang,2025-01-17,23:13:11,-08:00,2025-01-17T23:13:11-08:00,0,0
style.css,42,css,3b270476,duoanwang,2025-01-17,23:13:11,-08:00,2025-01-17T23:13:11-08:00,0,0
style.css,43,css,6b7cfc5a,duoanwang,2025-01-24,14:26:22,-08:00,2025-01-24T14:26:22-08:00,0,56
style.css,44,css,3b270476,duoanwang,2025-01-17,23:13:11,-08:00,2025-01-17T23:13:11-08:00,0,7
style.css,45,css,3b270476,duoanwang,2025-01-17,23:13:11,-08:00,2025-01-17T23:13:11-08:00,0,16
style.css,46,css,3b270476,duoanwang,2025-01-17,23:13:11,-08:00,2025-01-17T23:13:11-08:00,0,9
style.css,47,css,3b270476,duoanwang,2025-01-17,23:13:11,-08:00,2025-01-17T23:13:11-08:00,0,10
style.css,48,css,3b270476,duoanwang,2025-01-17,23:13:11,-08:00,2025-01-17T23:13:11-08:00,0,52
style.css,49,css,3b270476,duoanwang,2025-01-17,23:13:11,-08:00,2025-01-17T23:13:11-08:00,0,51
style.css,50,css,6b7cfc5a,duoanwang,2025-01-24,14:26:22,-08:00,2025-01-24T14:26:22-08:00,0,0
style.css,51,css,3b270476,duoanwang,2025-01-17,23:13:11,-08:00,2025-01-17T23:13:11-08:00,0,0
style.css,52,css,6b7cfc5a,duoanwang,2025-01-24,14:26:22,-08:00,2025-01-24T14:26:22-08:00,0,42
style.css,53,css,3b270476,duoanwang,2025-01-17,23:13:11,-08:00,2025-01-17T23:13:11-08:00,0,10
style.css,54,css,6b7cfc5a,duoanwang,2025-01-24,14:26:22,-08:00,2025-01-24T14:26:22-08:00,0,7
style.css,55,css,6b7cfc5a,duoanwang,2025-01-24,14:26:22,-08:00,2025-01-24T14:26:22-08:00,0,3
style.css,56,css,3b270476,duoanwang,2025-01-17,23:13:11,-08:00,2025-01-17T23:13:11-08:00,0,0
style.css,57,css,3b270476,duoanwang,2025-01-17,23:13:11,-08:00,2025-01-17T23:13:11-08:00,0,35
style.css,58,css,3b270476,duoanwang,2025-01-17,23:13:11,-08:00,2025-01-17T23:13:11-08:00,0,6
style.css,59,css,3b270476,duoanwang,2025-01-17,23:13:11,-08:00,2025-01-17T23:13:11-08:00,0,56
style.css,60,css,3b270476,duoanwang,2025-01-17,23:13:11,-08:00,2025-01-17T23:13:11-08:00,0,54
style.css,61,css,3b270476,duoanwang,2025-01-17,23:13:11,-08:00,2025-01-17T23:13:11-08:00,0,55
style.css,62,css,3b270476,duoanwang,2025-01-17,23:13:11,-08:00,2025-01-17T23:13:11-08:00,0,51
style.css,63,css,3b270476,duoanwang,2025-01-17,23:13:11,-08:00,2025-01-17T23:13:11-08:00,0,36
style.css,64,css,6b7cfc5a,duoanwang,2025-01-24,14:26:22,-08:00,2025-01-24T14:26:22-08:00,0,57
style.css,65,css,3b270476,duoanwang,2025-01-17,23:13:11,-08:00,2025-01-17T23:13:11-08:00,0,59
style.css,66,css,3b270476,duoanwang,2025-01-17,23:13:11,-08:00,2025-01-17T23:13:11-08:00,0,19
style.css,67,css,3b270476,duoanwang,2025-01-17,23:13:11,-08:00,2025-01-17T23:13:11-08:00,0,0
style.css,68,css,3b270476,duoanwang,2025-01-17,23:13:11,-08:00,2025-01-17T23:13:11-08:00,0,0
style.css,69,css,3b270476,duoanwang,2025-01-17,23:13:11,-08:00,2025-01-17T23:13:11-08:00,0,34
style.css,70,css,3b270476,duoanwang,2025-01-17,23:13:11,-08:00,2025-01-17T23:13:11-08:00,0,12
style.css,71,css,6b7cfc5a,duoanwang,2025-01-24,14:26:22,-08:00,2025-01-24T14:26:22-08:00,0,98
style.css,72,css,3b270476,duoanwang,2025-01-17,23:13:11,-08:00,2025-01-17T23:13:11-08:00,0,90
style.css,73,css,3b270476,duoanwang,2025-01-17,23:13:11,-08:00,2025-01-17T23:13:11-08:00,0,34
style.css,74,css,3b270476,duoanwang,2025-01-17,23:13:11,-08:00,2025-01-17T23:13:11-08:00,0,40
style.css,75,css,3b270476,duoanwang,2025-01-17,23:13:11,-08:00,2025-01-17T23:13:11-08:00,0,0
style.css,76,css,3b270476,duoanwang,2025-01-17,23:13:11,-08:00,2025-01-17T23:13:11-08:00,0,0
style.css,77,css,3b270476,duoanwang,2025-01-17,23:13:11,-08:00,2025-01-17T23:13:11-08:00,0,31
style.css,78,css,3b270476,duoanwang,2025-01-17,23:13:11,-08:00,2025-01-17T23:13:11-08:00,0,14
style.css,79,css,6b7cfc5a,duoanwang,2025-01-24,14:26:22,-08:00,2025-01-24T14:26:22-08:00,0,54
style.css,80,css,3b270476,duoanwang,2025-01-17,23:13:11,-08:00,2025-01-17T23:13:11-08:00,0,46
style.css,81,css,3b270476,duoanwang,2025-01-17,23:13:11,-08:00,2025-01-17T23:13:11-08:00,0,88
style.css,82,css,3b270476,duoanwang,2025-01-17,23:13:11,-08:00,2025-01-17T23:13:11-08:00,0,34
style.css,83,css,6b7cfc5a,duoanwang,2025-01-24,14:26:22,-08:00,2025-01-24T14:26:22-08:00,0,40
style.css,84,css,6b7cfc5a,duoanwang,2025-01-24,14:26:22,-08:00,2025-01-24T14:26:22-08:00,0,0
style.css,85,css,3b270476,duoanwang,2025-01-17,23:13:11,-08:00,2025-01-17T23:13:11-08:00,0,0
style.css,86,css,3b270476,duoanwang,2025-01-17,23:13:11,-08:00,2025-01-17T23:13:11-08:00,0,12
style.css,87,css,3b270476,duoanwang,2025-01-17,23:13:11,-08:00,2025-01-17T23:13:11-08:00,0,0
style.css,88,css,6b7cfc5a,duoanwang,2025-01-24,14:26:22,-08:00,2025-01-24T14:26:22-08:00,0,14
style.css,89,css,3b270476,duoanwang,2025-01-17,23:13:11,-08:00,2025-01-17T23:13:11-08:00,0,53
style.css,90,css,3b270476,duoanwang,2025-01-17,23:13:11,-08:00,2025-01-17T23:13:11-08:00,0,66
style.css,91,css,3b270476,duoanwang,2025-01-17,23:13:11,-08:00,2025-01-17T23:13:11-08:00,0,37
style.css,92,css,a977ac39,duoanwang,2025-01-17,23:34:44,-08:00,2025-01-17T23:34:44-08:00,0,11
style.css,93,css,6b7cfc5a,duoanwang,2025-01-24,14:26:22,-08:00,2025-01-24T14:26:22-08:00,0,37
style.css,94,css,3b270476,duoanwang,2025-01-17,23:13:11,-08:00,2025-01-17T23:13:11-08:00,0,0
style.css,95,css,3b270476,duoanwang,2025-01-17,23:13:11,-08:00,2025-01-17T23:13:11-08:00,0,0
style.css,96,css,6b7cfc5a,duoanwang,2025-01-24,14:26:22,-08:00,2025-01-24T14:26:22-08:00,0,15
style.css,97,css,a977ac39,duoanwang,2025-01-17,23:34:44,-08:00,2025-01-17T23:34:44-08:00,0,13
style.css,98,css,a977ac39,duoanwang,2025-01-17,23:34:44,-08:00,2025-01-17T23:34:44-08:00,0,30
style.css,99,css,a977ac39,duoanwang,2025-01-17,23:34:44,-08:00,2025-01-17T23:34:44-08:00,0,47
style.css,100,css,3b270476,duoanwang,2025-01-17,23:13:11,-08:00,2025-01-17T23:13:11-08:00,0,45
style.css,101,css,3b270476,duoanwang,2025-01-17,23:13:11,-08:00,2025-01-17T23:13:11-08:00,0,40
style.css,102,css,a977ac39,duoanwang,2025-01-17,23:34:44,-08:00,2025-01-17T23:34:44-08:00,0,0
style.css,103,css,3b270476,duoanwang,2025-01-17,23:13:11,-08:00,2025-01-17T23:13:11-08:00,0,0
style.css,104,css,3b270476,duoanwang,2025-01-17,23:13:11,-08:00,2025-01-17T23:13:11-08:00,0,0
style.css,105,css,3b270476,duoanwang,2025-01-17,23:13:11,-08:00,2025-01-17T23:13:11-08:00,0,16
style.css,106,css,3b270476,duoanwang,2025-01-17,23:13:11,-08:00,2025-01-17T23:13:11-08:00,0,43
style.css,107,css,3b270476,duoanwang,2025-01-17,23:13:11,-08:00,2025-01-17T23:13:11-08:00,0,54
style.css,108,css,3b270476,duoanwang,2025-01-17,23:13:11,-08:00,2025-01-17T23:13:11-08:00,0,46
style.css,109,css,3b270476,duoanwang,2025-01-17,23:13:11,-08:00,2025-01-17T23:13:11-08:00,0,42
style.css,110,css,3b270476,duoanwang,2025-01-17,23:13:11,-08:00,2025-01-17T23:13:11-08:00,0,40
style.css,111,css,6b7cfc5a,duoanwang,2025-01-24,14:26:22,-08:00,2025-01-24T14:26:22-08:00,0,59
style.css,112,css,3b270476,duoanwang,2025-01-17,23:13:11,-08:00,2025-01-17T23:13:11-08:00,0,0
style.css,113,css,3b270476,duoanwang,2025-01-17,23:13:11,-08:00,2025-01-17T23:13:11-08:00,0,0
style.css,114,css,3b270476,duoanwang,2025-01-17,23:13:11,-08:00,2025-01-17T23:13:11-08:00,0,7
style.css,115,css,a977ac39,duoanwang,2025-01-17,23:34:44,-08:00,2025-01-17T23:34:44-08:00,0,61
style.css,116,css,6b7cfc5a,duoanwang,2025-01-24,14:26:22,-08:00,2025-01-24T14:26:22-08:00,0,11
style.css,117,css,6b7cfc5a,duoanwang,2025-01-24,14:26:22,-08:00,2025-01-24T14:26:22-08:00,0,13
style.css,118,css,3b270476,duoanwang,2025-01-17,23:13:11,-08:00,2025-01-17T23:13:11-08:00,0,50
style.css,119,css,3b270476,duoanwang,2025-01-17,23:13:11,-08:00,2025-01-17T23:13:11-08:00,0,56
style.css,120,css,6b7cfc5a,duoanwang,2025-01-24,14:26:22,-08:00,2025-01-24T14:26:22-08:00,0,14
style.css,121,css,3b270476,duoanwang,2025-01-17,23:13:11,-08:00,2025-01-17T23:13:11-08:00,0,40
style.css,122,css,3b270476,duoanwang,2025-01-17,23:13:11,-08:00,2025-01-17T23:13:11-08:00,0,52
style.css,123,css,3b270476,duoanwang,2025-01-17,23:13:11,-08:00,2025-01-17T23:13:11-08:00,0,43
style.css,124,css,3b270476,duoanwang,2025-01-17,23:13:11,-08:00,2025-01-17T23:13:11-08:00,0,0
style.css,125,css,3b270476,duoanwang,2025-01-17,23:13:11,-08:00,2025-01-17T23:13:11-08:00,0,0
style.css,126,css,3b270476,duoanwang,2025-01-17,23:13:11,-08:00,2025-01-17T23:13:11-08:00,0,13
style.css,127,css,6b7cfc5a,duoanwang,2025-01-24,14:26:22,-08:00,2025-01-24T14:26:22-08:00,0,53
style.css,128,css,3b270476,duoanwang,2025-01-17,23:13:11,-08:00,2025-01-17T23:13:11-08:00,0,0
style.css,129,css,3b270476,duoanwang,2025-01-17,23:13:11,-08:00,2025-01-17T23:13:11-08:00,0,0
style.css,130,css,3b270476,duoanwang,2025-01-17,23:13:11,-08:00,2025-01-17T23:13:11-08:00,0,11
style.css,131,css,3b270476,duoanwang,2025-01-17,23:13:11,-08:00,2025-01-17T23:13:11-08:00,0,0
style.css,132,css,3b270476,duoanwang,2025-01-17,23:13:11,-08:00,2025-01-17T23:13:11-08:00,0,10
style.css,133,css,3b270476,duoanwang,2025-01-17,23:13:11,-08:00,2025-01-17T23:13:11-08:00,0,56
style.css,134,css,3b270476,duoanwang,2025-01-17,23:13:11,-08:00,2025-01-17T23:13:11-08:00,0,88
style.css,135,css,3b270476,duoanwang,2025-01-17,23:13:11,-08:00,2025-01-17T23:13:11-08:00,0,45
style.css,136,css,3b270476,duoanwang,2025-01-17,23:13:11,-08:00,2025-01-17T23:13:11-08:00,0,0
style.css,137,css,3b270476,duoanwang,2025-01-17,23:13:11,-08:00,2025-01-17T23:13:11-08:00,0,0
style.css,138,css,3b270476,duoanwang,2025-01-17,23:13:11,-08:00,2025-01-17T23:13:11-08:00,0,18
style.css,139,css,3b270476,duoanwang,2025-01-17,23:13:11,-08:00,2025-01-17T23:13:11-08:00,0,54
style.css,140,css,3b270476,duoanwang,2025-01-17,23:13:11,-08:00,2025-01-17T23:13:11-08:00,0,60
style.css,141,css,3b270476,duoanwang,2025-01-17,23:13:11,-08:00,2025-01-17T23:13:11-08:00,0,34
style.css,142,css,3b270476,duoanwang,2025-01-17,23:13:11,-08:00,2025-01-17T23:13:11-08:00,0,38
style.css,143,css,3b270476,duoanwang,2025-01-17,23:13:11,-08:00,2025-01-17T23:13:11-08:00,0,39
style.css,144,css,3b270476,duoanwang,2025-01-17,23:13:11,-08:00,2025-01-17T23:13:11-08:00,0,50
style.css,145,css,3b270476,duoanwang,2025-01-17,23:13:11,-08:00,2025-01-17T23:13:11-08:00,0,48
style.css,146,css,3b270476,duoanwang,2025-01-17,23:13:11,-08:00,2025-01-17T23:13:11-08:00,0,0
style.css,147,css,3b270476,duoanwang,2025-01-17,23:13:11,-08:00,2025-01-17T23:13:11-08:00,0,0
style.css,148,css,3b270476,duoanwang,2025-01-17,23:13:11,-08:00,2025-01-17T23:13:11-08:00,0,13
style.css,149,css,3b270476,duoanwang,2025-01-17,23:13:11,-08:00,2025-01-17T23:13:11-08:00,0,52
style.css,150,css,3b270476,duoanwang,2025-01-17,23:13:11,-08:00,2025-01-17T23:13:11-08:00,0,50
style.css,151,css,3b270476,duoanwang,2025-01-17,23:13:11,-08:00,2025-01-17T23:13:11-08:00,0,0
style.css,152,css,3b270476,duoanwang,2025-01-17,23:13:11,-08:00,2025-01-17T23:13:11-08:00,0,0
style.css,153,css,3b270476,duoanwang,2025-01-17,23:13:11,-08:00,2025-01-17T23:13:11-08:00,0,14
style.css,154,css,3b270476,duoanwang,2025-01-17,23:13:11,-08:00,2025-01-17T23:13:11-08:00,0,59
style.css,155,css,3b270476,duoanwang,2025-01-17,23:13:11,-08:00,2025-01-17T23:13:11-08:00,0,40
style.css,156,css,3b270476,duoanwang,2025-01-17,23:13:11,-08:00,2025-01-17T23:13:11-08:00,0,0
style.css,157,css,3b270476,duoanwang,2025-01-17,23:13:11,-08:00,2025-01-17T23:13:11-08:00,0,0
style.css,158,css,3b270476,duoanwang,2025-01-17,23:13:11,-08:00,2025-01-17T23:13:11-08:00,0,12
style.css,159,css,3b270476,duoanwang,2025-01-17,23:13:11,-08:00,2025-01-17T23:13:11-08:00,0,47
style.css,160,css,3b270476,duoanwang,2025-01-17,23:13:11,-08:00,2025-01-17T23:13:11-08:00,0,0
style.css,161,css,3b270476,duoanwang,2025-01-17,23:13:11,-08:00,2025-01-17T23:13:11-08:00,0,0
style.css,162,css,3b270476,duoanwang,2025-01-17,23:13:11,-08:00,2025-01-17T23:13:11-08:00,0,36
style.css,163,css,3b270476,duoanwang,2025-01-17,23:13:11,-08:00,2025-01-17T23:13:11-08:00,0,33
style.css,164,css,3b270476,duoanwang,2025-01-17,23:13:11,-08:00,2025-01-17T23:13:11-08:00,0,51
style.css,165,css,3b270476,duoanwang,2025-01-17,23:13:11,-08:00,2025-01-17T23:13:11-08:00,0,48
style.css,166,css,3b270476,duoanwang,2025-01-17,23:13:11,-08:00,2025-01-17T23:13:11-08:00,0,53
style.css,167,css,3b270476,duoanwang,2025-01-17,23:13:11,-08:00,2025-01-17T23:13:11-08:00,0,0
style.css,168,css,3b270476,duoanwang,2025-01-17,23:13:11,-08:00,2025-01-17T23:13:11-08:00,0,0
style.css,169,css,3b270476,duoanwang,2025-01-17,23:13:11,-08:00,2025-01-17T23:13:11-08:00,0,44
style.css,170,css,3b270476,duoanwang,2025-01-17,23:13:11,-08:00,2025-01-17T23:13:11-08:00,0,13
style.css,171,css,3b270476,duoanwang,2025-01-17,23:13:11,-08:00,2025-01-17T23:13:11-08:00,0,43
style.css,172,css,3b270476,duoanwang,2025-01-17,23:13:11,-08:00,2025-01-17T23:13:11-08:00,0,0
style.css,173,css,6b7cfc5a,duoanwang,2025-01-24,14:26:22,-08:00,2025-01-24T14:26:22-08:00,0,0
style.css,174,css,9ee35e6a,duoanwang,2025-02-07,17:41:52,-08:00,2025-02-07T17:41:52-08:00,0,17
style.css,175,css,9ee35e6a,duoanwang,2025-02-07,17:41:52,-08:00,2025-02-07T17:41:52-08:00,0,16
style.css,176,css,9ee35e6a,duoanwang,2025-02-07,17:41:52,-08:00,2025-02-07T17:41:52-08:00,0,31
style.css,177,css,9ee35e6a,duoanwang,2025-02-07,17:41:52,-08:00,2025-02-07T17:41:52-08:00,0,0
style.css,178,css,9ee35e6a,duoanwang,2025-02-07,17:41:52,-08:00,2025-02-07T17:41:52-08:00,0,0
style.css,179,css,9ee35e6a,duoanwang,2025-02-07,17:41:52,-08:00,2025-02-07T17:41:52-08:00,0,14
style.css,180,css,9ee35e6a,duoanwang,2025-02-07,17:41:52,-08:00,2025-02-07T17:41:52-08:00,0,35
style.css,181,css,9ee35e6a,duoanwang,2025-02-07,17:41:52,-08:00,2025-02-07T17:41:52-08:00,0,18
style.css,182,css,9ee35e6a,duoanwang,2025-02-07,17:41:52,-08:00,2025-02-07T17:41:52-08:00,0,11
style.css,183,css,9ee35e6a,duoanwang,2025-02-07,17:41:52,-08:00,2025-02-07T17:41:52-08:00,0,15
style.css,184,css,9ee35e6a,duoanwang,2025-02-07,17:41:52,-08:00,2025-02-07T17:41:52-08:00,0,0
style.css,185,css,9ee35e6a,duoanwang,2025-02-07,17:41:52,-08:00,2025-02-07T17:41:52-08:00,0,0
style.css,186,css,9ee35e6a,duoanwang,2025-02-07,17:41:52,-08:00,2025-02-07T17:41:52-08:00,0,15
style.css,187,css,9ee35e6a,duoanwang,2025-02-07,17:41:52,-08:00,2025-02-07T17:41:52-08:00,0,15
style.css,188,css,9ee35e6a,duoanwang,2025-02-07,17:41:52,-08:00,2025-02-07T17:41:52-08:00,0,17
style.css,189,css,9ee35e6a,duoanwang,2025-02-07,17:41:52,-08:00,2025-02-07T17:41:52-08:00,0,0
style.css,190,css,9ee35e6a,duoanwang,2025-02-07,17:41:52,-08:00,2025-02-07T17:41:52-08:00,0,17
style.css,191,css,9ee35e6a,duoanwang,2025-02-07,17:41:52,-08:00,2025-02-07T17:41:52-08:00,0,0
style.css,192,css,9ee35e6a,duoanwang,2025-02-07,17:41:52,-08:00,2025-02-07T17:41:52-08:00,0,0
style.css,193,css,9ee35e6a,duoanwang,2025-02-07,17:41:52,-08:00,2025-02-07T17:41:52-08:00,0,8
style.css,194,css,9ee35e6a,duoanwang,2025-02-07,17:41:52,-08:00,2025-02-07T17:41:52-08:00,0,13
style.css,195,css,9ee35e6a,duoanwang,2025-02-07,17:41:52,-08:00,2025-02-07T17:41:52-08:00,0,58
style.css,196,css,9ee35e6a,duoanwang,2025-02-07,17:41:52,-08:00,2025-02-07T17:41:52-08:00,0,9
style.css,197,css,9ee35e6a,duoanwang,2025-02-07,17:41:52,-08:00,2025-02-07T17:41:52-08:00,0,13
style.css,198,css,9ee35e6a,duoanwang,2025-02-07,17:41:52,-08:00,2025-02-07T17:41:52-08:00,0,12
style.css,199,css,9ee35e6a,duoanwang,2025-02-07,17:41:52,-08:00,2025-02-07T17:41:52-08:00,0,22
style.css,200,css,9ee35e6a,duoanwang,2025-02-07,17:41:52,-08:00,2025-02-07T17:41:52-08:00,0,18
style.css,201,css,9ee35e6a,duoanwang,2025-02-07,17:41:52,-08:00,2025-02-07T17:41:52-08:00,0,25
style.css,202,css,9ee35e6a,duoanwang,2025-02-07,17:41:52,-08:00,2025-02-07T17:41:52-08:00,0,42
style.css,203,css,9ee35e6a,duoanwang,2025-02-07,17:41:52,-08:00,2025-02-07T17:41:52-08:00,0,7
style.css,204,css,9ee35e6a,duoanwang,2025-02-07,17:41:52,-08:00,2025-02-07T17:41:52-08:00,0,0
style.css,205,css,9ee35e6a,duoanwang,2025-02-07,17:41:52,-08:00,2025-02-07T17:41:52-08:00,0,0
style.css,206,css,9ee35e6a,duoanwang,2025-02-07,17:41:52,-08:00,2025-02-07T17:41:52-08:00,0,13
style.css,207,css,9ee35e6a,duoanwang,2025-02-07,17:41:52,-08:00,2025-02-07T17:41:52-08:00,0,13
style.css,208,css,9ee35e6a,duoanwang,2025-02-07,17:41:52,-08:00,2025-02-07T17:41:52-08:00,0,19
style.css,209,css,9ee35e6a,duoanwang,2025-02-07,17:41:52,-08:00,2025-02-07T17:41:52-08:00,0,11
style.css,210,css,9ee35e6a,duoanwang,2025-02-07,17:41:52,-08:00,2025-02-07T17:41:52-08:00,0,16
style.css,211,css,9ee35e6a,duoanwang,2025-02-07,17:41:52,-08:00,2025-02-07T17:41:52-08:00,0,25
style.css,212,css,9ee35e6a,duoanwang,2025-02-07,17:41:52,-08:00,2025-02-07T17:41:52-08:00,0,22
style.css,213,css,9ee35e6a,duoanwang,2025-02-07,17:41:52,-08:00,2025-02-07T17:41:52-08:00,0,18
style.css,214,css,9ee35e6a,duoanwang,2025-02-07,17:41:52,-08:00,2025-02-07T17:41:52-08:00,0,38
style.css,215,css,9ee35e6a,duoanwang,2025-02-07,17:41:52,-08:00,2025-02-07T17:41:52-08:00,0,0
style.css,216,css,9ee35e6a,duoanwang,2025-02-07,17:41:52,-08:00,2025-02-07T17:41:52-08:00,0,0
style.css,217,css,9ee35e6a,duoanwang,2025-02-07,17:41:52,-08:00,2025-02-07T17:41:52-08:00,0,8
style.css,218,css,9ee35e6a,duoanwang,2025-02-07,17:41:52,-08:00,2025-02-07T17:41:52-08:00,0,19
style.css,219,css,9ee35e6a,duoanwang,2025-02-07,17:41:52,-08:00,2025-02-07T17:41:52-08:00,0,11
style.css,220,css,9ee35e6a,duoanwang,2025-02-07,17:41:52,-08:00,2025-02-07T17:41:52-08:00,0,19
style.css,221,css,9ee35e6a,duoanwang,2025-02-07,17:41:52,-08:00,2025-02-07T17:41:52-08:00,0,30
style.css,222,css,9ee35e6a,duoanwang,2025-02-07,17:41:52,-08:00,2025-02-07T17:41:52-08:00,0,21
style.css,223,css,9ee35e6a,duoanwang,2025-02-07,17:41:52,-08:00,2025-02-07T17:41:52-08:00,0,18
style.css,224,css,9ee35e6a,duoanwang,2025-02-07,17:41:52,-08:00,2025-02-07T17:41:52-08:00,0,22
style.css,225,css,9ee35e6a,duoanwang,2025-02-07,17:41:52,-08:00,2025-02-07T17:41:52-08:00,0,0
style.css,226,css,9ee35e6a,duoanwang,2025-02-07,17:41:52,-08:00,2025-02-07T17:41:52-08:00,0,0
style.css,227,css,9ee35e6a,duoanwang,2025-02-07,17:41:52,-08:00,2025-02-07T17:41:52-08:00,0,11
style.css,228,css,9ee35e6a,duoanwang,2025-02-07,17:41:52,-08:00,2025-02-07T17:41:52-08:00,0,13
style.css,229,css,9ee35e6a,duoanwang,2025-02-07,17:41:52,-08:00,2025-02-07T17:41:52-08:00,0,19
style.css,230,css,9ee35e6a,duoanwang,2025-02-07,17:41:52,-08:00,2025-02-07T17:41:52-08:00,0,9
style.css,231,css,9ee35e6a,duoanwang,2025-02-07,17:41:52,-08:00,2025-02-07T17:41:52-08:00,0,12
style.css,232,css,9ee35e6a,duoanwang,2025-02-07,17:41:52,-08:00,2025-02-07T17:41:52-08:00,0,0
style.css,233,css,9ee35e6a,duoanwang,2025-02-07,17:41:52,-08:00,2025-02-07T17:41:52-08:00,0,0
style.css,234,css,9ee35e6a,duoanwang,2025-02-07,17:41:52,-08:00,2025-02-07T17:41:52-08:00,0,18
style.css,235,css,9ee35e6a,duoanwang,2025-02-07,17:41:52,-08:00,2025-02-07T17:41:52-08:00,0,17
style.css,236,css,9ee35e6a,duoanwang,2025-02-07,17:41:52,-08:00,2025-02-07T17:41:52-08:00,0,12
style.css,237,css,9ee35e6a,duoanwang,2025-02-07,17:41:52,-08:00,2025-02-07T17:41:52-08:00,0,0
style.css,238,css,9ee35e6a,duoanwang,2025-02-07,17:41:52,-08:00,2025-02-07T17:41:52-08:00,0,0
style.css,239,css,9ee35e6a,duoanwang,2025-02-07,17:41:52,-08:00,2025-02-07T17:41:52-08:00,0,21
style.css,240,css,9ee35e6a,duoanwang,2025-02-07,17:41:52,-08:00,2025-02-07T17:41:52-08:00,0,5
style.css,241,css,9ee35e6a,duoanwang,2025-02-07,17:41:52,-08:00,2025-02-07T17:41:52-08:00,0,17
style.css,242,css,9ee35e6a,duoanwang,2025-02-07,17:41:52,-08:00,2025-02-07T17:41:52-08:00,0,15
style.css,243,css,9ee35e6a,duoanwang,2025-02-07,17:41:52,-08:00,2025-02-07T17:41:52-08:00,0,0
style.css,244,css,9ee35e6a,duoanwang,2025-02-07,17:41:52,-08:00,2025-02-07T17:41:52-08:00,0,0
style.css,245,css,9ee35e6a,duoanwang,2025-02-07,17:41:52,-08:00,2025-02-07T17:41:52-08:00,0,10
style.css,246,css,9ee35e6a,duoanwang,2025-02-07,17:41:52,-08:00,2025-02-07T17:41:52-08:00,0,39
style.css,247,css,9ee35e6a,duoanwang,2025-02-07,17:41:52,-08:00,2025-02-07T17:41:52-08:00,0,0
style.css,248,css,9ee35e6a,duoanwang,2025-02-07,17:41:52,-08:00,2025-02-07T17:41:52-08:00,0,11
style.css,249,css,9ee35e6a,duoanwang,2025-02-07,17:41:52,-08:00,2025-02-07T17:41:52-08:00,0,18
style.css,250,css,9ee35e6a,duoanwang,2025-02-07,17:41:52,-08:00,2025-02-07T17:41:52-08:00,0,0
style.css,251,css,9ee35e6a,duoanwang,2025-02-07,17:41:52,-08:00,2025-02-07T17:41:52-08:00,0,19
style.css,252,css,9ee35e6a,duoanwang,2025-02-07,17:41:52,-08:00,2025-02-07T17:41:52-08:00,0,69
style.css,253,css,9ee35e6a,duoanwang,2025-02-07,17:41:52,-08:00,2025-02-07T17:41:52-08:00,0,68
style.css,254,css,9ee35e6a,duoanwang,2025-02-07,17:41:52,-08:00,2025-02-07T17:41:52-08:00,0,70
style.css,255,css,9ee35e6a,duoanwang,2025-02-07,17:41:52,-08:00,2025-02-07T17:41:52-08:00,0,0
style.css,256,css,9ee35e6a,duoanwang,2025-02-07,17:41:52,-08:00,2025-02-07T17:41:52-08:00,0,0
style.css,257,css,9ee35e6a,duoanwang,2025-02-07,17:41:52,-08:00,2025-02-07T17:41:52-08:00,0,7
style.css,258,css,9ee35e6a,duoanwang,2025-02-07,17:41:52,-08:00,2025-02-07T17:41:52-08:00,0,18
style.css,259,css,9ee35e6a,duoanwang,2025-02-07,17:41:52,-08:00,2025-02-07T17:41:52-08:00,0,0
style.css,260,css,9ee35e6a,duoanwang,2025-02-07,17:41:52,-08:00,2025-02-07T17:41:52-08:00,0,0
style.css,261,css,6b7cfc5a,duoanwang,2025-01-24,14:26:22,-08:00,2025-01-24T14:26:22-08:00,0,0
style.css,262,css,6b7cfc5a,duoanwang,2025-01-24,14:26:22,-08:00,2025-01-24T14:26:22-08:00,0,0
style.css,263,css,6b7cfc5a,duoanwang,2025-01-24,14:26:22,-08:00,2025-01-24T14:26:22-08:00,0,32
style.css,264,css,6b7cfc5a,duoanwang,2025-01-24,14:26:22,-08:00,2025-01-24T14:26:22-08:00,0,19
style.css,265,css,6b7cfc5a,duoanwang,2025-01-24,14:26:22,-08:00,2025-01-24T14:26:22-08:00,0,57
style.css,266,css,6b7cfc5a,duoanwang,2025-01-24,14:26:22,-08:00,2025-01-24T14:26:22-08:00,0,40
style.css,267,css,6b7cfc5a,duoanwang,2025-01-24,14:26:22,-08:00,2025-01-24T14:26:22-08:00,0,44
style.css,268,css,6b7cfc5a,duoanwang,2025-01-24,14:26:22,-08:00,2025-01-24T14:26:22-08:00,0,63
style.css,269,css,6b7cfc5a,duoanwang,2025-01-24,14:26:22,-08:00,2025-01-24T14:26:22-08:00,0,70
style.css,270,css,6b7cfc5a,duoanwang,2025-01-24,14:26:22,-08:00,2025-01-24T14:26:22-08:00,0,77
style.css,271,css,6b7cfc5a,duoanwang,2025-01-24,14:26:22,-08:00,2025-01-24T14:26:22-08:00,0,56
style.css,272,css,515a1d98,duoanwang,2025-01-24,22:08:02,-08:00,2025-01-24T22:08:02-08:00,0,60
style.css,273,css,6b7cfc5a,duoanwang,2025-01-24,14:26:22,-08:00,2025-01-24T14:26:22-08:00,0,60
style.css,274,css,515a1d98,duoanwang,2025-01-24,22:08:02,-08:00,2025-01-24T22:08:02-08:00,0,70
style.css,275,css,6b7cfc5a,duoanwang,2025-01-24,14:26:22,-08:00,2025-01-24T14:26:22-08:00,0,0
style.css,276,css,6b7cfc5a,duoanwang,2025-01-24,14:26:22,-08:00,2025-01-24T14:26:22-08:00,0,0
style.css,277,css,6b7cfc5a,duoanwang,2025-01-24,14:26:22,-08:00,2025-01-24T14:26:22-08:00,0,44
style.css,278,css,6b7cfc5a,duoanwang,2025-01-24,14:26:22,-08:00,2025-01-24T14:26:22-08:00,0,26
style.css,279,css,6b7cfc5a,duoanwang,2025-01-24,14:26:22,-08:00,2025-01-24T14:26:22-08:00,0,47
style.css,280,css,6b7cfc5a,duoanwang,2025-01-24,14:26:22,-08:00,2025-01-24T14:26:22-08:00,0,56
style.css,281,css,6b7cfc5a,duoanwang,2025-01-24,14:26:22,-08:00,2025-01-24T14:26:22-08:00,0,60
style.css,282,css,515a1d98,duoanwang,2025-01-24,22:08:02,-08:00,2025-01-24T22:08:02-08:00,0,53
style.css,283,css,515a1d98,duoanwang,2025-01-24,22:08:02,-08:00,2025-01-24T22:08:02-08:00,0,40
style.css,284,css,6b7cfc5a,duoanwang,2025-01-24,14:26:22,-08:00,2025-01-24T14:26:22-08:00,0,43
style.css,285,css,6b7cfc5a,duoanwang,2025-01-24,14:26:22,-08:00,2025-01-24T14:26:22-08:00,0,0
style.css,286,css,6b7cfc5a,duoanwang,2025-01-24,14:26:22,-08:00,2025-01-24T14:26:22-08:00,0,0
style.css,287,css,6b7cfc5a,duoanwang,2025-01-24,14:26:22,-08:00,2025-01-24T14:26:22-08:00,0,44
style.css,288,css,6b7cfc5a,duoanwang,2025-01-24,14:26:22,-08:00,2025-01-24T14:26:22-08:00,0,25
style.css,289,css,515a1d98,duoanwang,2025-01-24,22:08:02,-08:00,2025-01-24T22:08:02-08:00,0,67
style.css,290,css,6b7cfc5a,duoanwang,2025-01-24,14:26:22,-08:00,2025-01-24T14:26:22-08:00,0,67
style.css,291,css,6b7cfc5a,duoanwang,2025-01-24,14:26:22,-08:00,2025-01-24T14:26:22-08:00,0,0
style.css,292,css,6b7cfc5a,duoanwang,2025-01-24,14:26:22,-08:00,2025-01-24T14:26:22-08:00,0,0
style.css,293,css,6b7cfc5a,duoanwang,2025-01-24,14:26:22,-08:00,2025-01-24T14:26:22-08:00,0,32
style.css,294,css,6b7cfc5a,duoanwang,2025-01-24,14:26:22,-08:00,2025-01-24T14:26:22-08:00,0,65
style.css,295,css,6b7cfc5a,duoanwang,2025-01-24,14:26:22,-08:00,2025-01-24T14:26:22-08:00,0,0
style.css,296,css,6b7cfc5a,duoanwang,2025-01-24,14:26:22,-08:00,2025-01-24T14:26:22-08:00,0,0
style.css,297,css,8186d8fa,duoanwang,2025-01-31,22:41:45,-08:00,2025-01-31T22:41:45-08:00,0,0
style.css,298,css,8186d8fa,duoanwang,2025-01-31,22:41:45,-08:00,2025-01-31T22:41:45-08:00,0,16
style.css,299,css,8186d8fa,duoanwang,2025-01-31,22:41:45,-08:00,2025-01-31T22:41:45-08:00,0,25
style.css,300,css,8186d8fa,duoanwang,2025-01-31,22:41:45,-08:00,2025-01-31T22:41:45-08:00,0,15
style.css,301,css,8186d8fa,duoanwang,2025-01-31,22:41:45,-08:00,2025-01-31T22:41:45-08:00,0,13
style.css,302,css,8186d8fa,duoanwang,2025-01-31,22:41:45,-08:00,2025-01-31T22:41:45-08:00,0,37
style.css,303,css,8186d8fa,duoanwang,2025-01-31,22:41:45,-08:00,2025-01-31T22:41:45-08:00,0,9
style.css,304,css,8186d8fa,duoanwang,2025-01-31,22:41:45,-08:00,2025-01-31T22:41:45-08:00,0,13
style.css,305,css,8186d8fa,duoanwang,2025-01-31,22:41:45,-08:00,2025-01-31T22:41:45-08:00,0,73
style.css,306,css,8186d8fa,duoanwang,2025-01-31,22:41:45,-08:00,2025-01-31T22:41:45-08:00,0,19
style.css,307,css,8186d8fa,duoanwang,2025-01-31,22:41:45,-08:00,2025-01-31T22:41:45-08:00,0,18
style.css,308,css,8186d8fa,duoanwang,2025-01-31,22:41:45,-08:00,2025-01-31T22:41:45-08:00,0,16
style.css,309,css,8186d8fa,duoanwang,2025-01-31,22:41:45,-08:00,2025-01-31T22:41:45-08:00,0,12
style.css,310,css,8186d8fa,duoanwang,2025-01-31,22:41:45,-08:00,2025-01-31T22:41:45-08:00,0,11
style.css,311,css,8186d8fa,duoanwang,2025-01-31,22:41:45,-08:00,2025-01-31T22:41:45-08:00,0,61
style.css,312,css,8186d8fa,duoanwang,2025-01-31,22:41:45,-08:00,2025-01-31T22:41:45-08:00,0,71
style.css,313,css,8186d8fa,duoanwang,2025-01-31,22:41:45,-08:00,2025-01-31T22:41:45-08:00,0,0
style.css,314,css,8186d8fa,duoanwang,2025-01-31,22:41:45,-08:00,2025-01-31T22:41:45-08:00,0,0
style.css,315,css,8186d8fa,duoanwang,2025-01-31,22:41:45,-08:00,2025-01-31T22:41:45-08:00,0,31
style.css,316,css,8186d8fa,duoanwang,2025-01-31,22:41:45,-08:00,2025-01-31T22:41:45-08:00,0,18
style.css,317,css,8186d8fa,duoanwang,2025-01-31,22:41:45,-08:00,2025-01-31T22:41:45-08:00,0,17
style.css,318,css,8186d8fa,duoanwang,2025-01-31,22:41:45,-08:00,2025-01-31T22:41:45-08:00,0,0
style.css,319,css,8186d8fa,duoanwang,2025-01-31,22:41:45,-08:00,2025-01-31T22:41:45-08:00,0,0
style.css,320,css,8186d8fa,duoanwang,2025-01-31,22:41:45,-08:00,2025-01-31T22:41:45-08:00,0,18
style.css,321,css,8186d8fa,duoanwang,2025-01-31,22:41:45,-08:00,2025-01-31T22:41:45-08:00,0,17
style.css,322,css,8186d8fa,duoanwang,2025-01-31,22:41:45,-08:00,2025-01-31T22:41:45-08:00,0,11
style.css,323,css,8186d8fa,duoanwang,2025-01-31,22:41:45,-08:00,2025-01-31T22:41:45-08:00,0,17
style.css,324,css,8186d8fa,duoanwang,2025-01-31,22:41:45,-08:00,2025-01-31T22:41:45-08:00,0,11
style.css,325,css,8186d8fa,duoanwang,2025-01-31,22:41:45,-08:00,2025-01-31T22:41:45-08:00,0,25
style.css,326,css,8186d8fa,duoanwang,2025-01-31,22:41:45,-08:00,2025-01-31T22:41:45-08:00,0,21
style.css,327,css,8186d8fa,duoanwang,2025-01-31,22:41:45,-08:00,2025-01-31T22:41:45-08:00,0,0
style.css,328,css,8186d8fa,duoanwang,2025-01-31,22:41:45,-08:00,2025-01-31T22:41:45-08:00,0,0
style.css,329,css,8186d8fa,duoanwang,2025-01-31,22:41:45,-08:00,2025-01-31T22:41:45-08:00,0,18
style.css,330,css,8186d8fa,duoanwang,2025-01-31,22:41:45,-08:00,2025-01-31T22:41:45-08:00,0,11
style.css,331,css,8186d8fa,duoanwang,2025-01-31,22:41:45,-08:00,2025-01-31T22:41:45-08:00,0,9
style.css,332,css,8186d8fa,duoanwang,2025-01-31,22:41:45,-08:00,2025-01-31T22:41:45-08:00,0,17
style.css,333,css,8186d8fa,duoanwang,2025-01-31,22:41:45,-08:00,2025-01-31T22:41:45-08:00,0,17
style.css,334,css,8186d8fa,duoanwang,2025-01-31,22:41:45,-08:00,2025-01-31T22:41:45-08:00,0,11
style.css,335,css,8186d8fa,duoanwang,2025-01-31,22:41:45,-08:00,2025-01-31T22:41:45-08:00,0,0
style.css,336,css,8186d8fa,duoanwang,2025-01-31,22:41:45,-08:00,2025-01-31T22:41:45-08:00,0,0
style.css,337,css,8186d8fa,duoanwang,2025-01-31,22:41:45,-08:00,2025-01-31T22:41:45-08:00,0,17
style.css,338,css,8186d8fa,duoanwang,2025-01-31,22:41:45,-08:00,2025-01-31T22:41:45-08:00,0,21
style.css,339,css,8186d8fa,duoanwang,2025-01-31,22:41:45,-08:00,2025-01-31T22:41:45-08:00,0,67
style.css,340,css,8186d8fa,duoanwang,2025-01-31,22:41:45,-08:00,2025-01-31T22:41:45-08:00,0,27
style.css,341,css,8186d8fa,duoanwang,2025-01-31,22:41:45,-08:00,2025-01-31T22:41:45-08:00,0,53
style.css,342,css,8186d8fa,duoanwang,2025-01-31,22:41:45,-08:00,2025-01-31T22:41:45-08:00,0,0
index.js,1,js,8186d8fa,duoanwang,2025-01-31,22:41:45,-08:00,2025-01-31T22:41:45-08:00,0,71
index.js,2,js,8186d8fa,duoanwang,2025-01-31,22:41:45,-08:00,2025-01-31T22:41:45-08:00,0,55
index.js,3,js,8186d8fa,duoanwang,2025-01-31,22:41:45,-08:00,2025-01-31T22:41:45-08:00,0,43
index.js,4,js,8186d8fa,duoanwang,2025-01-31,22:41:45,-08:00,2025-01-31T22:41:45-08:00,0,0
index.js,5,js,8186d8fa,duoanwang,2025-01-31,22:41:45,-08:00,2025-01-31T22:41:45-08:00,0,61
index.js,6,js,8186d8fa,duoanwang,2025-01-31,22:41:45,-08:00,2025-01-31T22:41:45-08:00,0,55
index.js,7,js,8186d8fa,duoanwang,2025-01-31,22:41:45,-08:00,2025-01-31T22:41:45-08:00,0,53
index.js,8,js,8186d8fa,duoanwang,2025-01-31,22:41:45,-08:00,2025-01-31T22:41:45-08:00,0,61
index.js,9,js,8186d8fa,duoanwang,2025-01-31,22:41:45,-08:00,2025-01-31T22:41:45-08:00,0,0
index.js,10,js,8186d8fa,duoanwang,2025-01-31,22:41:45,-08:00,2025-01-31T22:41:45-08:00,0,18
index.js,11,js,8186d8fa,duoanwang,2025-01-31,22:41:45,-08:00,2025-01-31T22:41:45-08:00,0,25
index.js,12,js,8186d8fa,duoanwang,2025-01-31,22:41:45,-08:00,2025-01-31T22:41:45-08:00,0,3
index.js,13,js,8186d8fa,duoanwang,2025-01-31,22:41:45,-08:00,2025-01-31T22:41:45-08:00,0,56
index.js,14,js,8186d8fa,duoanwang,2025-01-31,22:41:45,-08:00,2025-01-31T22:41:45-08:00,0,56
index.js,15,js,8186d8fa,duoanwang,2025-01-31,22:41:45,-08:00,2025-01-31T22:41:45-08:00,0,50
index.js,16,js,8186d8fa,duoanwang,2025-01-31,22:41:45,-08:00,2025-01-31T22:41:45-08:00,0,50
index.js,17,js,8186d8fa,duoanwang,2025-01-31,22:41:45,-08:00,2025-01-31T22:41:45-08:00,0,4
index.js,18,js,8186d8fa,duoanwang,2025-01-31,22:41:45,-08:00,2025-01-31T22:41:45-08:00,0,1
index.js,19,js,8186d8fa,duoanwang,2025-01-31,22:41:45,-08:00,2025-01-31T22:41:45-08:00,0,0
index.html,1,html,cf9ef92a,duoanwang,2025-01-09,19:47:11,-08:00,2025-01-09T19:47:11-08:00,0,14
index.html,2,html,cf9ef92a,duoanwang,2025-01-09,19:47:11,-08:00,2025-01-09T19:47:11-08:00,0,15
index.html,3,html,cf9ef92a,duoanwang,2025-01-09,19:47:11,-08:00,2025-01-09T19:47:11-08:00,0,5
index.html,4,html,cf9ef92a,duoanwang,2025-01-09,19:47:11,-08:00,2025-01-09T19:47:11-08:00,0,21
index.html,5,html,cf9ef92a,duoanwang,2025-01-09,19:47:11,-08:00,2025-01-09T19:47:11-08:00,0,69
index.html,6,html,515a1d98,duoanwang,2025-01-24,22:08:02,-08:00,2025-01-24T22:08:02-08:00,0,53
index.html,7,html,012b3e1e,duoanwang,2025-01-10,14:22:55,-08:00,2025-01-10T14:22:55-08:00,0,39
index.html,8,html,cf9ef92a,duoanwang,2025-01-09,19:47:11,-08:00,2025-01-09T19:47:11-08:00,0,6
index.html,9,html,cf9ef92a,duoanwang,2025-01-09,19:47:11,-08:00,2025-01-09T19:47:11-08:00,0,5
index.html,10,html,6b7cfc5a,duoanwang,2025-01-24,14:26:22,-08:00,2025-01-24T14:26:22-08:00,0,46
index.html,11,html,8186d8fa,duoanwang,2025-01-31,22:41:45,-08:00,2025-01-31T22:41:45-08:00,0,51
index.html,12,html,8186d8fa,duoanwang,2025-01-31,22:41:45,-08:00,2025-01-31T22:41:45-08:00,0,19
index.html,13,html,8186d8fa,duoanwang,2025-01-31,22:41:45,-08:00,2025-01-31T22:41:45-08:00,0,27
index.html,14,html,8186d8fa,duoanwang,2025-01-31,22:41:45,-08:00,2025-01-31T22:41:45-08:00,0,0
index.html,15,html,0a9209d4,duoanwang,2025-01-10,16:54:34,-08:00,2025-01-10T16:54:34-08:00,0,104
index.html,16,html,515a1d98,duoanwang,2025-01-24,22:08:02,-08:00,2025-01-24T22:08:02-08:00,0,66
index.html,17,html,8186d8fa,duoanwang,2025-01-31,22:41:45,-08:00,2025-01-31T22:41:45-08:00,0,5
index.html,18,html,8186d8fa,duoanwang,2025-01-31,22:41:45,-08:00,2025-01-31T22:41:45-08:00,0,0
index.html,19,html,8186d8fa,duoanwang,2025-01-31,22:41:45,-08:00,2025-01-31T22:41:45-08:00,0,8
index.html,20,html,8186d8fa,duoanwang,2025-01-31,22:41:45,-08:00,2025-01-31T22:41:45-08:00,0,23
index.html,21,html,778860e5,duoanwang,2025-01-31,22:55:11,-08:00,2025-01-31T22:55:11-08:00,0,9
index.html,22,html,8186d8fa,duoanwang,2025-01-31,22:41:45,-08:00,2025-01-31T22:41:45-08:00,0,29
index.html,23,html,8186d8fa,duoanwang,2025-01-31,22:41:45,-08:00,2025-01-31T22:41:45-08:00,0,9
index.html,24,html,8186d8fa,duoanwang,2025-01-31,22:41:45,-08:00,2025-01-31T22:41:45-08:00,0,0
index.html,25,html,8186d8fa,duoanwang,2025-01-31,22:41:45,-08:00,2025-01-31T22:41:45-08:00,0,9
index.html,26,html,8186d8fa,duoanwang,2025-01-31,22:41:45,-08:00,2025-01-31T22:41:45-08:00,0,0
index.html,27,html,8186d8fa,duoanwang,2025-01-31,22:41:45,-08:00,2025-01-31T22:41:45-08:00,0,23
index.html,28,html,8186d8fa,duoanwang,2025-01-31,22:41:45,-08:00,2025-01-31T22:41:45-08:00,0,9
index.html,29,html,8186d8fa,duoanwang,2025-01-31,22:41:45,-08:00,2025-01-31T22:41:45-08:00,0,0
index.html,30,html,8186d8fa,duoanwang,2025-01-31,22:41:45,-08:00,2025-01-31T22:41:45-08:00,0,27
index.html,31,html,8186d8fa,duoanwang,2025-01-31,22:41:45,-08:00,2025-01-31T22:41:45-08:00,0,0
index.html,32,html,8186d8fa,duoanwang,2025-01-31,22:41:45,-08:00,2025-01-31T22:41:45-08:00,0,0
index.html,33,html,8186d8fa,duoanwang,2025-01-31,22:41:45,-08:00,2025-01-31T22:41:45-08:00,0,0
index.html,34,html,cf9ef92a,duoanwang,2025-01-09,19:47:11,-08:00,2025-01-09T19:47:11-08:00,0,6
index.html,35,html,cf9ef92a,duoanwang,2025-01-09,19:47:11,-08:00,2025-01-09T19:47:11-08:00,0,6
global.js,1,js,6b7cfc5a,duoanwang,2025-01-24,14:26:22,-08:00,2025-01-24T14:26:22-08:00,0,26
global.js,2,js,6b7cfc5a,duoanwang,2025-01-24,14:26:22,-08:00,2025-01-24T14:26:22-08:00,0,0
global.js,3,js,6b7cfc5a,duoanwang,2025-01-24,14:26:22,-08:00,2025-01-24T14:26:22-08:00,0,42
global.js,4,js,6b7cfc5a,duoanwang,2025-01-24,14:26:22,-08:00,2025-01-24T14:26:22-08:00,0,53
global.js,5,js,6b7cfc5a,duoanwang,2025-01-24,14:26:22,-08:00,2025-01-24T14:26:22-08:00,0,0
global.js,6,js,6b7cfc5a,duoanwang,2025-01-24,14:26:22,-08:00,2025-01-24T14:26:22-08:00,0,0
global.js,7,js,6b7cfc5a,duoanwang,2025-01-24,14:26:22,-08:00,2025-01-24T14:26:22-08:00,0,12
global.js,8,js,297b03c9,duoanwang,2025-02-15,15:46:54,-08:00,2025-02-15T15:46:54-08:00,0,26
global.js,9,js,297b03c9,duoanwang,2025-02-15,15:46:54,-08:00,2025-02-15T15:46:54-08:00,0,38
global.js,10,js,297b03c9,duoanwang,2025-02-15,15:46:54,-08:00,2025-02-15T15:46:54-08:00,0,37
global.js,11,js,297b03c9,duoanwang,2025-02-15,15:46:54,-08:00,2025-02-15T15:46:54-08:00,0,35
global.js,12,js,297b03c9,duoanwang,2025-02-15,15:46:54,-08:00,2025-02-15T15:46:54-08:00,0,31
global.js,13,js,c8429a68,duoanwang,2025-01-24,22:33:10,-08:00,2025-01-24T22:33:10-08:00,0,56
global.js,14,js,0f8581fa,duoanwang,2025-01-31,02:19:48,-08:00,2025-01-31T02:19:48-08:00,0,1
global.js,15,js,c8429a68,duoanwang,2025-01-24,22:33:10,-08:00,2025-01-24T22:33:10-08:00,0,0
global.js,16,js,f8c8bb84,duoanwang,2025-01-31,22:44:43,-08:00,2025-01-31T22:44:43-08:00,0,42
global.js,17,js,f8c8bb84,duoanwang,2025-01-31,22:44:43,-08:00,2025-01-31T22:44:43-08:00,0,29
global.js,18,js,f8c8bb84,duoanwang,2025-01-31,22:44:43,-08:00,2025-01-31T22:44:43-08:00,0,0
global.js,19,js,f8c8bb84,duoanwang,2025-01-31,22:44:43,-08:00,2025-01-31T22:44:43-08:00,0,24
global.js,20,js,f8c8bb84,duoanwang,2025-01-31,22:44:43,-08:00,2025-01-31T22:44:43-08:00,0,42
global.js,21,js,297b03c9,duoanwang,2025-02-15,15:46:54,-08:00,2025-02-15T15:46:54-08:00,0,21
global.js,22,js,297b03c9,duoanwang,2025-02-15,15:46:54,-08:00,2025-02-15T15:46:54-08:00,0,30
global.js,23,js,297b03c9,duoanwang,2025-02-15,15:46:54,-08:00,2025-02-15T15:46:54-08:00,0,0
global.js,24,js,297b03c9,duoanwang,2025-02-15,15:46:54,-08:00,2025-02-15T15:46:54-08:00,0,37
global.js,25,js,f8c8bb84,duoanwang,2025-01-31,22:44:43,-08:00,2025-01-31T22:44:43-08:00,0,73
global.js,26,js,f8c8bb84,duoanwang,2025-01-31,22:44:43,-08:00,2025-01-31T22:44:43-08:00,0,37
global.js,27,js,f8c8bb84,duoanwang,2025-01-31,22:44:43,-08:00,2025-01-31T22:44:43-08:00,0,7
global.js,28,js,297b03c9,duoanwang,2025-02-15,15:46:54,-08:00,2025-02-15T15:46:54-08:00,0,0
global.js,29,js,297b03c9,duoanwang,2025-02-15,15:46:54,-08:00,2025-02-15T15:46:54-08:00,0,43
global.js,30,js,f8c8bb84,duoanwang,2025-01-31,22:44:43,-08:00,2025-01-31T22:44:43-08:00,0,37
global.js,31,js,f8c8bb84,duoanwang,2025-01-31,22:44:43,-08:00,2025-01-31T22:44:43-08:00,0,30
global.js,32,js,f8c8bb84,duoanwang,2025-01-31,22:44:43,-08:00,2025-01-31T22:44:43-08:00,0,7
global.js,33,js,297b03c9,duoanwang,2025-02-15,15:46:54,-08:00,2025-02-15T15:46:54-08:00,0,0
global.js,34,js,f8c8bb84,duoanwang,2025-01-31,22:44:43,-08:00,2025-01-31T22:44:43-08:00,0,20
global.js,35,js,f8c8bb84,duoanwang,2025-01-31,22:44:43,-08:00,2025-01-31T22:44:43-08:00,0,3
global.js,36,js,f8c8bb84,duoanwang,2025-01-31,22:44:43,-08:00,2025-01-31T22:44:43-08:00,0,0
global.js,37,js,297b03c9,duoanwang,2025-02-15,15:46:54,-08:00,2025-02-15T15:46:54-08:00,0,39
global.js,38,js,297b03c9,duoanwang,2025-02-15,15:46:54,-08:00,2025-02-15T15:46:54-08:00,0,26
global.js,39,js,297b03c9,duoanwang,2025-02-15,15:46:54,-08:00,2025-02-15T15:46:54-08:00,0,0
global.js,40,js,297b03c9,duoanwang,2025-02-15,15:46:54,-08:00,2025-02-15T15:46:54-08:00,0,34
global.js,41,js,297b03c9,duoanwang,2025-02-15,15:46:54,-08:00,2025-02-15T15:46:54-08:00,0,71
global.js,42,js,297b03c9,duoanwang,2025-02-15,15:46:54,-08:00,2025-02-15T15:46:54-08:00,0,0
global.js,43,js,297b03c9,duoanwang,2025-02-15,15:46:54,-08:00,2025-02-15T15:46:54-08:00,0,21
global.js,44,js,297b03c9,duoanwang,2025-02-15,15:46:54,-08:00,2025-02-15T15:46:54-08:00,0,15
global.js,45,js,297b03c9,duoanwang,2025-02-15,15:46:54,-08:00,2025-02-15T15:46:54-08:00,0,19
global.js,46,js,297b03c9,duoanwang,2025-02-15,15:46:54,-08:00,2025-02-15T15:46:54-08:00,0,31
global.js,47,js,297b03c9,duoanwang,2025-02-15,15:46:54,-08:00,2025-02-15T15:46:54-08:00,0,65
global.js,48,js,297b03c9,duoanwang,2025-02-15,15:46:54,-08:00,2025-02-15T15:46:54-08:00,0,35
global.js,49,js,297b03c9,duoanwang,2025-02-15,15:46:54,-08:00,2025-02-15T15:46:54-08:00,0,12
global.js,50,js,297b03c9,duoanwang,2025-02-15,15:46:54,-08:00,2025-02-15T15:46:54-08:00,0,21
global.js,51,js,297b03c9,duoanwang,2025-02-15,15:46:54,-08:00,2025-02-15T15:46:54-08:00,0,13
global.js,52,js,297b03c9,duoanwang,2025-02-15,15:46:54,-08:00,2025-02-15T15:46:54-08:00,0,0
global.js,53,js,297b03c9,duoanwang,2025-02-15,15:46:54,-08:00,2025-02-15T15:46:54-08:00,0,66
global.js,54,js,297b03c9,duoanwang,2025-02-15,15:46:54,-08:00,2025-02-15T15:46:54-08:00,0,26
global.js,55,js,297b03c9,duoanwang,2025-02-15,15:46:54,-08:00,2025-02-15T15:46:54-08:00,0,0
global.js,56,js,297b03c9,duoanwang,2025-02-15,15:46:54,-08:00,2025-02-15T15:46:54-08:00,0,0
global.js,57,js,297b03c9,duoanwang,2025-02-15,15:46:54,-08:00,2025-02-15T15:46:54-08:00,0,30
global.js,58,js,297b03c9,duoanwang,2025-02-15,15:46:54,-08:00,2025-02-15T15:46:54-08:00,0,19
global.js,59,js,297b03c9,duoanwang,2025-02-15,15:46:54,-08:00,2025-02-15T15:46:54-08:00,0,0
global.js,60,js,297b03c9,duoanwang,2025-02-15,15:46:54,-08:00,2025-02-15T15:46:54-08:00,0,0
global.js,61,js,297b03c9,duoanwang,2025-02-15,15:46:54,-08:00,2025-02-15T15:46:54-08:00,0,13
global.js,62,js,297b03c9,duoanwang,2025-02-15,15:46:54,-08:00,2025-02-15T15:46:54-08:00,0,0
global.js,63,js,297b03c9,duoanwang,2025-02-15,15:46:54,-08:00,2025-02-15T15:46:54-08:00,0,0
global.js,64,js,6b7cfc5a,duoanwang,2025-01-24,14:26:22,-08:00,2025-01-24T14:26:22-08:00,0,0
global.js,65,js,6b7cfc5a,duoanwang,2025-01-24,14:26:22,-08:00,2025-01-24T14:26:22-08:00,0,32
global.js,66,js,6b7cfc5a,duoanwang,2025-01-24,14:26:22,-08:00,2025-01-24T14:26:22-08:00,0,12
global.js,67,js,6b7cfc5a,duoanwang,2025-01-24,14:26:22,-08:00,2025-01-24T14:26:22-08:00,0,0
global.js,68,js,6b7cfc5a,duoanwang,2025-01-24,14:26:22,-08:00,2025-01-24T14:26:22-08:00,0,27
global.js,69,js,6b7cfc5a,duoanwang,2025-01-24,14:26:22,-08:00,2025-01-24T14:26:22-08:00,0,5
global.js,70,js,6b7cfc5a,duoanwang,2025-01-24,14:26:22,-08:00,2025-01-24T14:26:22-08:00,0,26
global.js,71,js,6b7cfc5a,duoanwang,2025-01-24,14:26:22,-08:00,2025-01-24T14:26:22-08:00,0,44
global.js,72,js,6b7cfc5a,duoanwang,2025-01-24,14:26:22,-08:00,2025-01-24T14:26:22-08:00,0,35
global.js,73,js,6b7cfc5a,duoanwang,2025-01-24,14:26:22,-08:00,2025-01-24T14:26:22-08:00,0,33
global.js,74,js,6b7cfc5a,duoanwang,2025-01-24,14:26:22,-08:00,2025-01-24T14:26:22-08:00,0,8
global.js,75,js,6b7cfc5a,duoanwang,2025-01-24,14:26:22,-08:00,2025-01-24T14:26:22-08:00,0,8
global.js,76,js,6b7cfc5a,duoanwang,2025-01-24,14:26:22,-08:00,2025-01-24T14:26:22-08:00,0,1
global.js,77,js,6b7cfc5a,duoanwang,2025-01-24,14:26:22,-08:00,2025-01-24T14:26:22-08:00,0,0
global.js,78,js,6b7cfc5a,duoanwang,2025-01-24,14:26:22,-08:00,2025-01-24T14:26:22-08:00,0,41
global.js,79,js,6b7cfc5a,duoanwang,2025-01-24,14:26:22,-08:00,2025-01-24T14:26:22-08:00,0,55
global.js,80,js,6b7cfc5a,duoanwang,2025-01-24,14:26:22,-08:00,2025-01-24T14:26:22-08:00,0,0
global.js,81,js,6b7cfc5a,duoanwang,2025-01-24,14:26:22,-08:00,2025-01-24T14:26:22-08:00,0,37
global.js,82,js,6b7cfc5a,duoanwang,2025-01-24,14:26:22,-08:00,2025-01-24T14:26:22-08:00,0,34
global.js,83,js,6b7cfc5a,duoanwang,2025-01-24,14:26:22,-08:00,2025-01-24T14:26:22-08:00,0,51
global.js,84,js,6b7cfc5a,duoanwang,2025-01-24,14:26:22,-08:00,2025-01-24T14:26:22-08:00,0,65
global.js,85,js,6b7cfc5a,duoanwang,2025-01-24,14:26:22,-08:00,2025-01-24T14:26:22-08:00,0,0
global.js,86,js,6b7cfc5a,duoanwang,2025-01-24,14:26:22,-08:00,2025-01-24T14:26:22-08:00,0,44
global.js,87,js,6b7cfc5a,duoanwang,2025-01-24,14:26:22,-08:00,2025-01-24T14:26:22-08:00,0,36
global.js,88,js,6b7cfc5a,duoanwang,2025-01-24,14:26:22,-08:00,2025-01-24T14:26:22-08:00,0,0
global.js,89,js,6b7cfc5a,duoanwang,2025-01-24,14:26:22,-08:00,2025-01-24T14:26:22-08:00,0,0
global.js,90,js,6b7cfc5a,duoanwang,2025-01-24,14:26:22,-08:00,2025-01-24T14:26:22-08:00,0,50
global.js,91,js,6b7cfc5a,duoanwang,2025-01-24,14:26:22,-08:00,2025-01-24T14:26:22-08:00,0,50
global.js,92,js,6b7cfc5a,duoanwang,2025-01-24,14:26:22,-08:00,2025-01-24T14:26:22-08:00,0,40
global.js,93,js,6b7cfc5a,duoanwang,2025-01-24,14:26:22,-08:00,2025-01-24T14:26:22-08:00,0,53
global.js,94,js,6b7cfc5a,duoanwang,2025-01-24,14:26:22,-08:00,2025-01-24T14:26:22-08:00,0,32
global.js,95,js,6b7cfc5a,duoanwang,2025-01-24,14:26:22,-08:00,2025-01-24T14:26:22-08:00,0,2
global.js,96,js,6b7cfc5a,duoanwang,2025-01-24,14:26:22,-08:00,2025-01-24T14:26:22-08:00,0,0
global.js,97,js,6b7cfc5a,duoanwang,2025-01-24,14:26:22,-08:00,2025-01-24T14:26:22-08:00,0,35
global.js,98,js,6b7cfc5a,duoanwang,2025-01-24,14:26:22,-08:00,2025-01-24T14:26:22-08:00,0,27
global.js,99,js,6b7cfc5a,duoanwang,2025-01-24,14:26:22,-08:00,2025-01-24T14:26:22-08:00,0,84
global.js,100,js,6b7cfc5a,duoanwang,2025-01-24,14:26:22,-08:00,2025-01-24T14:26:22-08:00,0,64
global.js,101,js,6b7cfc5a,duoanwang,2025-01-24,14:26:22,-08:00,2025-01-24T14:26:22-08:00,0,64
global.js,102,js,6b7cfc5a,duoanwang,2025-01-24,14:26:22,-08:00,2025-01-24T14:26:22-08:00,0,54
global.js,103,js,6b7cfc5a,duoanwang,2025-01-24,14:26:22,-08:00,2025-01-24T14:26:22-08:00,0,0
global.js,104,js,6b7cfc5a,duoanwang,2025-01-24,14:26:22,-08:00,2025-01-24T14:26:22-08:00,0,0
global.js,105,js,6b7cfc5a,duoanwang,2025-01-24,14:26:22,-08:00,2025-01-24T14:26:22-08:00,0,54
global.js,106,js,6b7cfc5a,duoanwang,2025-01-24,14:26:22,-08:00,2025-01-24T14:26:22-08:00,0,17
global.js,107,js,6b7cfc5a,duoanwang,2025-01-24,14:26:22,-08:00,2025-01-24T14:26:22-08:00,0,0
global.js,108,js,6b7cfc5a,duoanwang,2025-01-24,14:26:22,-08:00,2025-01-24T14:26:22-08:00,0,0
global.js,109,js,6b7cfc5a,duoanwang,2025-01-24,14:26:22,-08:00,2025-01-24T14:26:22-08:00,0,0
global.js,110,js,6b7cfc5a,duoanwang,2025-01-24,14:26:22,-08:00,2025-01-24T14:26:22-08:00,0,39
global.js,111,js,6b7cfc5a,duoanwang,2025-01-24,14:26:22,-08:00,2025-01-24T14:26:22-08:00,0,43
global.js,112,js,6b7cfc5a,duoanwang,2025-01-24,14:26:22,-08:00,2025-01-24T14:26:22-08:00,0,0
global.js,113,js,6b7cfc5a,duoanwang,2025-01-24,14:26:22,-08:00,2025-01-24T14:26:22-08:00,0,50
global.js,114,js,6b7cfc5a,duoanwang,2025-01-24,14:26:22,-08:00,2025-01-24T14:26:22-08:00,0,50
global.js,115,js,6b7cfc5a,duoanwang,2025-01-24,14:26:22,-08:00,2025-01-24T14:26:22-08:00,0,46
global.js,116,js,6b7cfc5a,duoanwang,2025-01-24,14:26:22,-08:00,2025-01-24T14:26:22-08:00,0,22
global.js,117,js,6b7cfc5a,duoanwang,2025-01-24,14:26:22,-08:00,2025-01-24T14:26:22-08:00,0,0
global.js,118,js,6b7cfc5a,duoanwang,2025-01-24,14:26:22,-08:00,2025-01-24T14:26:22-08:00,0,44
global.js,119,js,6b7cfc5a,duoanwang,2025-01-24,14:26:22,-08:00,2025-01-24T14:26:22-08:00,0,31
global.js,120,js,6b7cfc5a,duoanwang,2025-01-24,14:26:22,-08:00,2025-01-24T14:26:22-08:00,0,0
global.js,121,js,6b7cfc5a,duoanwang,2025-01-24,14:26:22,-08:00,2025-01-24T14:26:22-08:00,0,24
global.js,122,js,6b7cfc5a,duoanwang,2025-01-24,14:26:22,-08:00,2025-01-24T14:26:22-08:00,0,35
global.js,123,js,6b7cfc5a,duoanwang,2025-01-24,14:26:22,-08:00,2025-01-24T14:26:22-08:00,0,15
global.js,124,js,6b7cfc5a,duoanwang,2025-01-24,14:26:22,-08:00,2025-01-24T14:26:22-08:00,0,0
global.js,125,js,6b7cfc5a,duoanwang,2025-01-24,14:26:22,-08:00,2025-01-24T14:26:22-08:00,0,35
global.js,126,js,6b7cfc5a,duoanwang,2025-01-24,14:26:22,-08:00,2025-01-24T14:26:22-08:00,0,32
global.js,127,js,6b7cfc5a,duoanwang,2025-01-24,14:26:22,-08:00,2025-01-24T14:26:22-08:00,0,63
global.js,128,js,6b7cfc5a,duoanwang,2025-01-24,14:26:22,-08:00,2025-01-24T14:26:22-08:00,0,71
global.js,129,js,6b7cfc5a,duoanwang,2025-01-24,14:26:22,-08:00,2025-01-24T14:26:22-08:00,0,24
global.js,130,js,6b7cfc5a,duoanwang,2025-01-24,14:26:22,-08:00,2025-01-24T14:26:22-08:00,0,0
global.js,131,js,6b7cfc5a,duoanwang,2025-01-24,14:26:22,-08:00,2025-01-24T14:26:22-08:00,0,0
global.js,132,js,6b7cfc5a,duoanwang,2025-01-24,14:26:22,-08:00,2025-01-24T14:26:22-08:00,0,52
global.js,133,js,6b7cfc5a,duoanwang,2025-01-24,14:26:22,-08:00,2025-01-24T14:26:22-08:00,0,23
global.js,134,js,6b7cfc5a,duoanwang,2025-01-24,14:26:22,-08:00,2025-01-24T14:26:22-08:00,0,0
global.js,135,js,6b7cfc5a,duoanwang,2025-01-24,14:26:22,-08:00,2025-01-24T14:26:22-08:00,0,19
global.js,136,js,6b7cfc5a,duoanwang,2025-01-24,14:26:22,-08:00,2025-01-24T14:26:22-08:00,0,30
global.js,137,js,6b7cfc5a,duoanwang,2025-01-24,14:26:22,-08:00,2025-01-24T14:26:22-08:00,0,0
global.js,138,js,6b7cfc5a,duoanwang,2025-01-24,14:26:22,-08:00,2025-01-24T14:26:22-08:00,0,58
global.js,139,js,6b7cfc5a,duoanwang,2025-01-24,14:26:22,-08:00,2025-01-24T14:26:22-08:00,0,26
global.js,140,js,6b7cfc5a,duoanwang,2025-01-24,14:26:22,-08:00,2025-01-24T14:26:22-08:00,0,2
global.js,141,js,6b7cfc5a,duoanwang,2025-01-24,14:26:22,-08:00,2025-01-24T14:26:22-08:00,0,0
global.js,142,js,6b7cfc5a,duoanwang,2025-01-24,14:26:22,-08:00,2025-01-24T14:26:22-08:00,0,0
global.js,143,js,0f8581fa,duoanwang,2025-01-31,02:19:48,-08:00,2025-01-31T02:19:48-08:00,0,37
global.js,144,js,0f8581fa,duoanwang,2025-01-31,02:19:48,-08:00,2025-01-31T02:19:48-08:00,0,4
global.js,145,js,0f8581fa,duoanwang,2025-01-31,02:19:48,-08:00,2025-01-31T02:19:48-08:00,0,40
global.js,146,js,0f8581fa,duoanwang,2025-01-31,02:19:48,-08:00,2025-01-31T02:19:48-08:00,0,33
global.js,147,js,8186d8fa,duoanwang,2025-01-31,22:41:45,-08:00,2025-01-31T22:41:45-08:00,0,21
global.js,148,js,0f8581fa,duoanwang,2025-01-31,02:19:48,-08:00,2025-01-31T02:19:48-08:00,0,18
global.js,149,js,0f8581fa,duoanwang,2025-01-31,02:19:48,-08:00,2025-01-31T02:19:48-08:00,0,67
global.js,150,js,0f8581fa,duoanwang,2025-01-31,02:19:48,-08:00,2025-01-31T02:19:48-08:00,0,0
global.js,151,js,8186d8fa,duoanwang,2025-01-31,22:41:45,-08:00,2025-01-31T22:41:45-08:00,0,34
global.js,152,js,8186d8fa,duoanwang,2025-01-31,22:41:45,-08:00,2025-01-31T22:41:45-08:00,0,11
global.js,153,js,8186d8fa,duoanwang,2025-01-31,22:41:45,-08:00,2025-01-31T22:41:45-08:00,0,0
global.js,154,js,0f8581fa,duoanwang,2025-01-31,02:19:48,-08:00,2025-01-31T02:19:48-08:00,0,0
global.js,155,js,0f8581fa,duoanwang,2025-01-31,02:19:48,-08:00,2025-01-31T02:19:48-08:00,0,16
global.js,156,js,0f8581fa,duoanwang,2025-01-31,02:19:48,-08:00,2025-01-31T02:19:48-08:00,0,60
global.js,157,js,0f8581fa,duoanwang,2025-01-31,02:19:48,-08:00,2025-01-31T02:19:48-08:00,0,0
global.js,158,js,0f8581fa,duoanwang,2025-01-31,02:19:48,-08:00,2025-01-31T02:19:48-08:00,0,0
global.js,159,js,6b7cfc5a,duoanwang,2025-01-24,14:26:22,-08:00,2025-01-24T14:26:22-08:00,0,0
global.js,160,js,8186d8fa,duoanwang,2025-01-31,22:41:45,-08:00,2025-01-31T22:41:45-08:00,0,62
global.js,161,js,8186d8fa,duoanwang,2025-01-31,22:41:45,-08:00,2025-01-31T22:41:45-08:00,0,37
global.js,162,js,8186d8fa,duoanwang,2025-01-31,22:41:45,-08:00,2025-01-31T22:41:45-08:00,0,36
global.js,163,js,8186d8fa,duoanwang,2025-01-31,22:41:45,-08:00,2025-01-31T22:41:45-08:00,0,0
global.js,164,js,8186d8fa,duoanwang,2025-01-31,22:41:45,-08:00,2025-01-31T22:41:45-08:00,0,53
global.js,165,js,8186d8fa,duoanwang,2025-01-31,22:41:45,-08:00,2025-01-31T22:41:45-08:00,0,74
global.js,166,js,8186d8fa,duoanwang,2025-01-31,22:41:45,-08:00,2025-01-31T22:41:45-08:00,0,70
global.js,167,js,8186d8fa,duoanwang,2025-01-31,22:41:45,-08:00,2025-01-31T22:41:45-08:00,0,15
global.js,168,js,8186d8fa,duoanwang,2025-01-31,22:41:45,-08:00,2025-01-31T22:41:45-08:00,0,5
global.js,169,js,8186d8fa,duoanwang,2025-01-31,22:41:45,-08:00,2025-01-31T22:41:45-08:00,0,0
global.js,170,js,8186d8fa,duoanwang,2025-01-31,22:41:45,-08:00,2025-01-31T22:41:45-08:00,0,71
global.js,171,js,8186d8fa,duoanwang,2025-01-31,22:41:45,-08:00,2025-01-31T22:41:45-08:00,0,33
global.js,172,js,8186d8fa,duoanwang,2025-01-31,22:41:45,-08:00,2025-01-31T22:41:45-08:00,0,44
global.js,173,js,8186d8fa,duoanwang,2025-01-31,22:41:45,-08:00,2025-01-31T22:41:45-08:00,0,58
global.js,174,js,8186d8fa,duoanwang,2025-01-31,22:41:45,-08:00,2025-01-31T22:41:45-08:00,0,0
global.js,175,js,8186d8fa,duoanwang,2025-01-31,22:41:45,-08:00,2025-01-31T22:41:45-08:00,0,60
global.js,176,js,8186d8fa,duoanwang,2025-01-31,22:41:45,-08:00,2025-01-31T22:41:45-08:00,0,29
global.js,177,js,8186d8fa,duoanwang,2025-01-31,22:41:45,-08:00,2025-01-31T22:41:45-08:00,0,37
global.js,178,js,8186d8fa,duoanwang,2025-01-31,22:41:45,-08:00,2025-01-31T22:41:45-08:00,0,63
global.js,179,js,8186d8fa,duoanwang,2025-01-31,22:41:45,-08:00,2025-01-31T22:41:45-08:00,0,41
global.js,180,js,8186d8fa,duoanwang,2025-01-31,22:41:45,-08:00,2025-01-31T22:41:45-08:00,0,9
global.js,181,js,8186d8fa,duoanwang,2025-01-31,22:41:45,-08:00,2025-01-31T22:41:45-08:00,0,0
global.js,182,js,8186d8fa,duoanwang,2025-01-31,22:41:45,-08:00,2025-01-31T22:41:45-08:00,0,54
global.js,183,js,8186d8fa,duoanwang,2025-01-31,22:41:45,-08:00,2025-01-31T22:41:45-08:00,0,46
global.js,184,js,8186d8fa,duoanwang,2025-01-31,22:41:45,-08:00,2025-01-31T22:41:45-08:00,0,7
global.js,185,js,8186d8fa,duoanwang,2025-01-31,22:41:45,-08:00,2025-01-31T22:41:45-08:00,0,3
global.js,186,js,8186d8fa,duoanwang,2025-01-31,22:41:45,-08:00,2025-01-31T22:41:45-08:00,0,0
global.js,187,js,9ee35e6a,duoanwang,2025-02-07,17:41:52,-08:00,2025-02-07T17:41:52-08:00,0,113
global.js,188,js,8186d8fa,duoanwang,2025-01-31,22:41:45,-08:00,2025-01-31T22:41:45-08:00,0,32
global.js,189,js,8186d8fa,duoanwang,2025-01-31,22:41:45,-08:00,2025-01-31T22:41:45-08:00,0,31
global.js,190,js,8186d8fa,duoanwang,2025-01-31,22:41:45,-08:00,2025-01-31T22:41:45-08:00,0,0
global.js,191,js,8186d8fa,duoanwang,2025-01-31,22:41:45,-08:00,2025-01-31T22:41:45-08:00,0,35
global.js,192,js,8186d8fa,duoanwang,2025-01-31,22:41:45,-08:00,2025-01-31T22:41:45-08:00,0,69
global.js,193,js,8186d8fa,duoanwang,2025-01-31,22:41:45,-08:00,2025-01-31T22:41:45-08:00,0,61
global.js,194,js,8186d8fa,duoanwang,2025-01-31,22:41:45,-08:00,2025-01-31T22:41:45-08:00,0,6
global.js,195,js,8186d8fa,duoanwang,2025-01-31,22:41:45,-08:00,2025-01-31T22:41:45-08:00,0,0
global.js,196,js,8186d8fa,duoanwang,2025-01-31,22:41:45,-08:00,2025-01-31T22:41:45-08:00,0,0
global.js,197,js,8186d8fa,duoanwang,2025-01-31,22:41:45,-08:00,2025-01-31T22:41:45-08:00,0,63
global.js,198,js,8186d8fa,duoanwang,2025-01-31,22:41:45,-08:00,2025-01-31T22:41:45-08:00,0,36
global.js,199,js,8186d8fa,duoanwang,2025-01-31,22:41:45,-08:00,2025-01-31T22:41:45-08:00,0,74
global.js,200,js,8186d8fa,duoanwang,2025-01-31,22:41:45,-08:00,2025-01-31T22:41:45-08:00,0,19
global.js,201,js,8186d8fa,duoanwang,2025-01-31,22:41:45,-08:00,2025-01-31T22:41:45-08:00,0,0
global.js,202,js,8186d8fa,duoanwang,2025-01-31,22:41:45,-08:00,2025-01-31T22:41:45-08:00,0,0
global.js,203,js,8186d8fa,duoanwang,2025-01-31,22:41:45,-08:00,2025-01-31T22:41:45-08:00,0,69
global.js,204,js,8186d8fa,duoanwang,2025-01-31,22:41:45,-08:00,2025-01-31T22:41:45-08:00,0,25
global.js,205,js,9ee35e6a,duoanwang,2025-02-07,17:41:52,-08:00,2025-02-07T17:41:52-08:00,0,62
global.js,206,js,8186d8fa,duoanwang,2025-01-31,22:41:45,-08:00,2025-01-31T22:41:45-08:00,0,0
global.js,207,js,8186d8fa,duoanwang,2025-01-31,22:41:45,-08:00,2025-01-31T22:41:45-08:00,0,0
global.js,208,js,8186d8fa,duoanwang,2025-01-31,22:41:45,-08:00,2025-01-31T22:41:45-08:00,0,62
global.js,209,js,8186d8fa,duoanwang,2025-01-31,22:41:45,-08:00,2025-01-31T22:41:45-08:00,0,28
global.js,210,js,8186d8fa,duoanwang,2025-01-31,22:41:45,-08:00,2025-01-31T22:41:45-08:00,0,49
global.js,211,js,8186d8fa,duoanwang,2025-01-31,22:41:45,-08:00,2025-01-31T22:41:45-08:00,0,57
global.js,212,js,8186d8fa,duoanwang,2025-01-31,22:41:45,-08:00,2025-01-31T22:41:45-08:00,0,0
global.js,213,js,8186d8fa,duoanwang,2025-01-31,22:41:45,-08:00,2025-01-31T22:41:45-08:00,0,38
global.js,214,js,8186d8fa,duoanwang,2025-01-31,22:41:45,-08:00,2025-01-31T22:41:45-08:00,0,52
global.js,215,js,8186d8fa,duoanwang,2025-01-31,22:41:45,-08:00,2025-01-31T22:41:45-08:00,0,34
global.js,216,js,8186d8fa,duoanwang,2025-01-31,22:41:45,-08:00,2025-01-31T22:41:45-08:00,0,0
global.js,217,js,8186d8fa,duoanwang,2025-01-31,22:41:45,-08:00,2025-01-31T22:41:45-08:00,0,40
global.js,218,js,8186d8fa,duoanwang,2025-01-31,22:41:45,-08:00,2025-01-31T22:41:45-08:00,0,47
global.js,219,js,8186d8fa,duoanwang,2025-01-31,22:41:45,-08:00,2025-01-31T22:41:45-08:00,0,45
global.js,220,js,8186d8fa,duoanwang,2025-01-31,22:41:45,-08:00,2025-01-31T22:41:45-08:00,0,0
global.js,221,js,9ee35e6a,duoanwang,2025-02-07,17:41:52,-08:00,2025-02-07T17:41:52-08:00,0,33
global.js,222,js,9ee35e6a,duoanwang,2025-02-07,17:41:52,-08:00,2025-02-07T17:41:52-08:00,0,40
global.js,223,js,9ee35e6a,duoanwang,2025-02-07,17:41:52,-08:00,2025-02-07T17:41:52-08:00,0,92
global.js,224,js,9ee35e6a,duoanwang,2025-02-07,17:41:52,-08:00,2025-02-07T17:41:52-08:00,0,59
global.js,225,js,9ee35e6a,duoanwang,2025-02-07,17:41:52,-08:00,2025-02-07T17:41:52-08:00,0,0
global.js,226,js,9ee35e6a,duoanwang,2025-02-07,17:41:52,-08:00,2025-02-07T17:41:52-08:00,0,36
global.js,227,js,9ee35e6a,duoanwang,2025-02-07,17:41:52,-08:00,2025-02-07T17:41:52-08:00,0,48
global.js,228,js,9ee35e6a,duoanwang,2025-02-07,17:41:52,-08:00,2025-02-07T17:41:52-08:00,0,68
global.js,229,js,9ee35e6a,duoanwang,2025-02-07,17:41:52,-08:00,2025-02-07T17:41:52-08:00,0,35
global.js,230,js,9ee35e6a,duoanwang,2025-02-07,17:41:52,-08:00,2025-02-07T17:41:52-08:00,0,28
global.js,231,js,9ee35e6a,duoanwang,2025-02-07,17:41:52,-08:00,2025-02-07T17:41:52-08:00,0,0
global.js,232,js,8186d8fa,duoanwang,2025-01-31,22:41:45,-08:00,2025-01-31T22:41:45-08:00,0,20
global.js,233,js,8186d8fa,duoanwang,2025-01-31,22:41:45,-08:00,2025-01-31T22:41:45-08:00,0,24
global.js,234,js,8186d8fa,duoanwang,2025-01-31,22:41:45,-08:00,2025-01-31T22:41:45-08:00,0,50
global.js,235,js,8186d8fa,duoanwang,2025-01-31,22:41:45,-08:00,2025-01-31T22:41:45-08:00,0,1
global.js,236,js,9ee35e6a,duoanwang,2025-02-07,17:41:52,-08:00,2025-02-07T17:41:52-08:00,0,31
global.js,237,js,8186d8fa,duoanwang,2025-01-31,22:41:45,-08:00,2025-01-31T22:41:45-08:00,0,0
global.js,238,js,8186d8fa,duoanwang,2025-01-31,22:41:45,-08:00,2025-01-31T22:41:45-08:00,0,47
global.js,239,js,9ee35e6a,duoanwang,2025-02-07,17:41:52,-08:00,2025-02-07T17:41:52-08:00,0,0
global.js,240,js,9ee35e6a,duoanwang,2025-02-07,17:41:52,-08:00,2025-02-07T17:41:52-08:00,0,31
global.js,241,js,9ee35e6a,duoanwang,2025-02-07,17:41:52,-08:00,2025-02-07T17:41:52-08:00,0,35
global.js,242,js,9ee35e6a,duoanwang,2025-02-07,17:41:52,-08:00,2025-02-07T17:41:52-08:00,0,31
global.js,243,js,8186d8fa,duoanwang,2025-01-31,22:41:45,-08:00,2025-01-31T22:41:45-08:00,0,0
global.js,244,js,8186d8fa,duoanwang,2025-01-31,22:41:45,-08:00,2025-01-31T22:41:45-08:00,0,33
global.js,245,js,8186d8fa,duoanwang,2025-01-31,22:41:45,-08:00,2025-01-31T22:41:45-08:00,0,37
global.js,246,js,8186d8fa,duoanwang,2025-01-31,22:41:45,-08:00,2025-01-31T22:41:45-08:00,0,2
global.js,247,js,8186d8fa,duoanwang,2025-01-31,22:41:45,-08:00,2025-01-31T22:41:45-08:00,0,0
global.js,248,js,6b7cfc5a,duoanwang,2025-01-24,14:26:22,-08:00,2025-01-24T14:26:22-08:00,0,0
global.js,249,js,8186d8fa,duoanwang,2025-01-31,22:41:45,-08:00,2025-01-31T22:41:45-08:00,0,48
global.js,250,js,8186d8fa,duoanwang,2025-01-31,22:41:45,-08:00,2025-01-31T22:41:45-08:00,0,60
global.js,251,js,8186d8fa,duoanwang,2025-01-31,22:41:45,-08:00,2025-01-31T22:41:45-08:00,0,0
resume/index.html,1,html,f406ab59,duoanwang,2025-01-10,22:00:34,-08:00,2025-01-10T22:00:34-08:00,0,14
resume/index.html,2,html,f406ab59,duoanwang,2025-01-10,22:00:34,-08:00,2025-01-10T22:00:34-08:00,0,15
resume/index.html,3,html,f406ab59,duoanwang,2025-01-10,22:00:34,-08:00,2025-01-10T22:00:34-08:00,0,5
resume/index.html,4,html,f406ab59,duoanwang,2025-01-10,22:00:34,-08:00,2025-01-10T22:00:34-08:00,0,21
resume/index.html,5,html,f406ab59,duoanwang,2025-01-10,22:00:34,-08:00,2025-01-10T22:00:34-08:00,0,69
resume/index.html,6,html,f406ab59,duoanwang,2025-01-10,22:00:34,-08:00,2025-01-10T22:00:34-08:00,0,20
resume/index.html,7,html,3b270476,duoanwang,2025-01-17,23:13:11,-08:00,2025-01-17T23:13:11-08:00,0,42
resume/index.html,8,html,f406ab59,duoanwang,2025-01-10,22:00:34,-08:00,2025-01-10T22:00:34-08:00,0,6
resume/index.html,9,html,f406ab59,duoanwang,2025-01-10,22:00:34,-08:00,2025-01-10T22:00:34-08:00,0,38
resume/index.html,10,html,f406ab59,duoanwang,2025-01-10,22:00:34,-08:00,2025-01-10T22:00:34-08:00,0,18
resume/index.html,11,html,f406ab59,duoanwang,2025-01-10,22:00:34,-08:00,2025-01-10T22:00:34-08:00,0,0
resume/index.html,12,html,f406ab59,duoanwang,2025-01-10,22:00:34,-08:00,2025-01-10T22:00:34-08:00,0,17
resume/index.html,13,html,f406ab59,duoanwang,2025-01-10,22:00:34,-08:00,2025-01-10T22:00:34-08:00,0,16
resume/index.html,14,html,f406ab59,duoanwang,2025-01-10,22:00:34,-08:00,2025-01-10T22:00:34-08:00,0,0
resume/index.html,15,html,f406ab59,duoanwang,2025-01-10,22:00:34,-08:00,2025-01-10T22:00:34-08:00,0,7
resume/index.html,16,html,f406ab59,duoanwang,2025-01-10,22:00:34,-08:00,2025-01-10T22:00:34-08:00,0,6
resume/index.html,17,html,f406ab59,duoanwang,2025-01-10,22:00:34,-08:00,2025-01-10T22:00:34-08:00,0,5
resume/index.html,18,html,6b7cfc5a,duoanwang,2025-01-24,14:26:22,-08:00,2025-01-24T14:26:22-08:00,0,49
resume/index.html,19,html,902433b9,duoanwang,2025-01-10,22:08:34,-08:00,2025-01-10T22:08:34-08:00,0,0
resume/index.html,20,html,f406ab59,duoanwang,2025-01-10,22:00:34,-08:00,2025-01-10T22:00:34-08:00,0,5
resume/index.html,21,html,f406ab59,duoanwang,2025-01-10,22:00:34,-08:00,2025-01-10T22:00:34-08:00,0,7
resume/index.html,22,html,f406ab59,duoanwang,2025-01-10,22:00:34,-08:00,2025-01-10T22:00:34-08:00,0,18
resume/index.html,23,html,3b270476,duoanwang,2025-01-17,23:13:11,-08:00,2025-01-17T23:13:11-08:00,0,35
resume/index.html,24,html,3b270476,duoanwang,2025-01-17,23:13:11,-08:00,2025-01-17T23:13:11-08:00,0,42
resume/index.html,25,html,f406ab59,duoanwang,2025-01-10,22:00:34,-08:00,2025-01-10T22:00:34-08:00,0,8
resume/index.html,26,html,f406ab59,duoanwang,2025-01-10,22:00:34,-08:00,2025-01-10T22:00:34-08:00,0,0
resume/index.html,27,html,f406ab59,duoanwang,2025-01-10,22:00:34,-08:00,2025-01-10T22:00:34-08:00,0,23
resume/index.html,28,html,f406ab59,duoanwang,2025-01-10,22:00:34,-08:00,2025-01-10T22:00:34-08:00,0,7
resume/index.html,29,html,f406ab59,duoanwang,2025-01-10,22:00:34,-08:00,2025-01-10T22:00:34-08:00,0,17
resume/index.html,30,html,f406ab59,duoanwang,2025-01-10,22:00:34,-08:00,2025-01-10T22:00:34-08:00,0,8
resume/index.html,31,html,f406ab59,duoanwang,2025-01-10,22:00:34,-08:00,2025-01-10T22:00:34-08:00,0,78
resume/index.html,32,html,3b270476,duoanwang,2025-01-17,23:13:11,-08:00,2025-01-17T23:13:11-08:00,0,41
resume/index.html,33,html,f406ab59,duoanwang,2025-01-10,22:00:34,-08:00,2025-01-10T22:00:34-08:00,0,20
resume/index.html,34,html,f406ab59,duoanwang,2025-01-10,22:00:34,-08:00,2025-01-10T22:00:34-08:00,0,100
resume/index.html,35,html,f406ab59,duoanwang,2025-01-10,22:00:34,-08:00,2025-01-10T22:00:34-08:00,0,9
resume/index.html,36,html,f406ab59,duoanwang,2025-01-10,22:00:34,-08:00,2025-01-10T22:00:34-08:00,0,0
resume/index.html,37,html,f406ab59,duoanwang,2025-01-10,22:00:34,-08:00,2025-01-10T22:00:34-08:00,0,20
resume/index.html,38,html,f406ab59,duoanwang,2025-01-10,22:00:34,-08:00,2025-01-10T22:00:34-08:00,0,7
resume/index.html,39,html,f406ab59,duoanwang,2025-01-10,22:00:34,-08:00,2025-01-10T22:00:34-08:00,0,14
resume/index.html,40,html,f406ab59,duoanwang,2025-01-10,22:00:34,-08:00,2025-01-10T22:00:34-08:00,0,8
resume/index.html,41,html,f406ab59,duoanwang,2025-01-10,22:00:34,-08:00,2025-01-10T22:00:34-08:00,0,3
resume/index.html,42,html,f406ab59,duoanwang,2025-01-10,22:00:34,-08:00,2025-01-10T22:00:34-08:00,0,40
resume/index.html,43,html,f406ab59,duoanwang,2025-01-10,22:00:34,-08:00,2025-01-10T22:00:34-08:00,0,67
resume/index.html,44,html,f406ab59,duoanwang,2025-01-10,22:00:34,-08:00,2025-01-10T22:00:34-08:00,0,74
resume/index.html,45,html,f406ab59,duoanwang,2025-01-10,22:00:34,-08:00,2025-01-10T22:00:34-08:00,0,4
resume/index.html,46,html,f406ab59,duoanwang,2025-01-10,22:00:34,-08:00,2025-01-10T22:00:34-08:00,0,9
resume/index.html,47,html,f406ab59,duoanwang,2025-01-10,22:00:34,-08:00,2025-01-10T22:00:34-08:00,0,0
resume/index.html,48,html,f406ab59,duoanwang,2025-01-10,22:00:34,-08:00,2025-01-10T22:00:34-08:00,0,32
resume/index.html,49,html,f406ab59,duoanwang,2025-01-10,22:00:34,-08:00,2025-01-10T22:00:34-08:00,0,7
resume/index.html,50,html,f406ab59,duoanwang,2025-01-10,22:00:34,-08:00,2025-01-10T22:00:34-08:00,0,26
resume/index.html,51,html,f406ab59,duoanwang,2025-01-10,22:00:34,-08:00,2025-01-10T22:00:34-08:00,0,8
resume/index.html,52,html,f406ab59,duoanwang,2025-01-10,22:00:34,-08:00,2025-01-10T22:00:34-08:00,0,8
resume/index.html,53,html,f406ab59,duoanwang,2025-01-10,22:00:34,-08:00,2025-01-10T22:00:34-08:00,0,7
resume/index.html,54,html,f406ab59,duoanwang,2025-01-10,22:00:34,-08:00,2025-01-10T22:00:34-08:00,0,38
resume/index.html,55,html,f406ab59,duoanwang,2025-01-10,22:00:34,-08:00,2025-01-10T22:00:34-08:00,0,123
resume/index.html,56,html,f406ab59,duoanwang,2025-01-10,22:00:34,-08:00,2025-01-10T22:00:34-08:00,0,8
resume/index.html,57,html,f406ab59,duoanwang,2025-01-10,22:00:34,-08:00,2025-01-10T22:00:34-08:00,0,3
resume/index.html,58,html,f406ab59,duoanwang,2025-01-10,22:00:34,-08:00,2025-01-10T22:00:34-08:00,0,70
resume/index.html,59,html,f406ab59,duoanwang,2025-01-10,22:00:34,-08:00,2025-01-10T22:00:34-08:00,0,81
resume/index.html,60,html,f406ab59,duoanwang,2025-01-10,22:00:34,-08:00,2025-01-10T22:00:34-08:00,0,69
resume/index.html,61,html,f406ab59,duoanwang,2025-01-10,22:00:34,-08:00,2025-01-10T22:00:34-08:00,0,4
resume/index.html,62,html,f406ab59,duoanwang,2025-01-10,22:00:34,-08:00,2025-01-10T22:00:34-08:00,0,9
resume/index.html,63,html,f406ab59,duoanwang,2025-01-10,22:00:34,-08:00,2025-01-10T22:00:34-08:00,0,8
resume/index.html,64,html,f406ab59,duoanwang,2025-01-10,22:00:34,-08:00,2025-01-10T22:00:34-08:00,0,7
resume/index.html,65,html,f406ab59,duoanwang,2025-01-10,22:00:34,-08:00,2025-01-10T22:00:34-08:00,0,36
resume/index.html,66,html,f406ab59,duoanwang,2025-01-10,22:00:34,-08:00,2025-01-10T22:00:34-08:00,0,115
resume/index.html,67,html,f406ab59,duoanwang,2025-01-10,22:00:34,-08:00,2025-01-10T22:00:34-08:00,0,8
resume/index.html,68,html,f406ab59,duoanwang,2025-01-10,22:00:34,-08:00,2025-01-10T22:00:34-08:00,0,3
resume/index.html,69,html,f406ab59,duoanwang,2025-01-10,22:00:34,-08:00,2025-01-10T22:00:34-08:00,0,63
resume/index.html,70,html,f406ab59,duoanwang,2025-01-10,22:00:34,-08:00,2025-01-10T22:00:34-08:00,0,81
resume/index.html,71,html,f406ab59,duoanwang,2025-01-10,22:00:34,-08:00,2025-01-10T22:00:34-08:00,0,4
resume/index.html,72,html,f406ab59,duoanwang,2025-01-10,22:00:34,-08:00,2025-01-10T22:00:34-08:00,0,9
resume/index.html,73,html,f406ab59,duoanwang,2025-01-10,22:00:34,-08:00,2025-01-10T22:00:34-08:00,0,9
resume/index.html,74,html,f406ab59,duoanwang,2025-01-10,22:00:34,-08:00,2025-01-10T22:00:34-08:00,0,0
resume/index.html,75,html,f406ab59,duoanwang,2025-01-10,22:00:34,-08:00,2025-01-10T22:00:34-08:00,0,33
resume/index.html,76,html,f406ab59,duoanwang,2025-01-10,22:00:34,-08:00,2025-01-10T22:00:34-08:00,0,7
resume/index.html,77,html,f406ab59,duoanwang,2025-01-10,22:00:34,-08:00,2025-01-10T22:00:34-08:00,0,27
resume/index.html,78,html,f406ab59,duoanwang,2025-01-10,22:00:34,-08:00,2025-01-10T22:00:34-08:00,0,8
resume/index.html,79,html,f406ab59,duoanwang,2025-01-10,22:00:34,-08:00,2025-01-10T22:00:34-08:00,0,8
resume/index.html,80,html,f406ab59,duoanwang,2025-01-10,22:00:34,-08:00,2025-01-10T22:00:34-08:00,0,7
resume/index.html,81,html,f406ab59,duoanwang,2025-01-10,22:00:34,-08:00,2025-01-10T22:00:34-08:00,0,23
resume/index.html,82,html,f406ab59,duoanwang,2025-01-10,22:00:34,-08:00,2025-01-10T22:00:34-08:00,0,110
resume/index.html,83,html,f406ab59,duoanwang,2025-01-10,22:00:34,-08:00,2025-01-10T22:00:34-08:00,0,8
resume/index.html,84,html,f406ab59,duoanwang,2025-01-10,22:00:34,-08:00,2025-01-10T22:00:34-08:00,0,3
resume/index.html,85,html,f406ab59,duoanwang,2025-01-10,22:00:34,-08:00,2025-01-10T22:00:34-08:00,0,69
resume/index.html,86,html,f406ab59,duoanwang,2025-01-10,22:00:34,-08:00,2025-01-10T22:00:34-08:00,0,84
resume/index.html,87,html,f406ab59,duoanwang,2025-01-10,22:00:34,-08:00,2025-01-10T22:00:34-08:00,0,81
resume/index.html,88,html,f406ab59,duoanwang,2025-01-10,22:00:34,-08:00,2025-01-10T22:00:34-08:00,0,4
resume/index.html,89,html,f406ab59,duoanwang,2025-01-10,22:00:34,-08:00,2025-01-10T22:00:34-08:00,0,9
resume/index.html,90,html,f406ab59,duoanwang,2025-01-10,22:00:34,-08:00,2025-01-10T22:00:34-08:00,0,9
resume/index.html,91,html,f406ab59,duoanwang,2025-01-10,22:00:34,-08:00,2025-01-10T22:00:34-08:00,0,0
resume/index.html,92,html,f406ab59,duoanwang,2025-01-10,22:00:34,-08:00,2025-01-10T22:00:34-08:00,0,29
resume/index.html,93,html,f406ab59,duoanwang,2025-01-10,22:00:34,-08:00,2025-01-10T22:00:34-08:00,0,7
resume/index.html,94,html,f406ab59,duoanwang,2025-01-10,22:00:34,-08:00,2025-01-10T22:00:34-08:00,0,23
resume/index.html,95,html,f406ab59,duoanwang,2025-01-10,22:00:34,-08:00,2025-01-10T22:00:34-08:00,0,8
resume/index.html,96,html,f406ab59,duoanwang,2025-01-10,22:00:34,-08:00,2025-01-10T22:00:34-08:00,0,8
resume/index.html,97,html,f406ab59,duoanwang,2025-01-10,22:00:34,-08:00,2025-01-10T22:00:34-08:00,0,7
resume/index.html,98,html,f406ab59,duoanwang,2025-01-10,22:00:34,-08:00,2025-01-10T22:00:34-08:00,0,27
resume/index.html,99,html,f406ab59,duoanwang,2025-01-10,22:00:34,-08:00,2025-01-10T22:00:34-08:00,0,135
resume/index.html,100,html,f406ab59,duoanwang,2025-01-10,22:00:34,-08:00,2025-01-10T22:00:34-08:00,0,8
resume/index.html,101,html,f406ab59,duoanwang,2025-01-10,22:00:34,-08:00,2025-01-10T22:00:34-08:00,0,3
resume/index.html,102,html,f406ab59,duoanwang,2025-01-10,22:00:34,-08:00,2025-01-10T22:00:34-08:00,0,75
resume/index.html,103,html,f406ab59,duoanwang,2025-01-10,22:00:34,-08:00,2025-01-10T22:00:34-08:00,0,71
resume/index.html,104,html,f406ab59,duoanwang,2025-01-10,22:00:34,-08:00,2025-01-10T22:00:34-08:00,0,77
resume/index.html,105,html,f406ab59,duoanwang,2025-01-10,22:00:34,-08:00,2025-01-10T22:00:34-08:00,0,4
resume/index.html,106,html,f406ab59,duoanwang,2025-01-10,22:00:34,-08:00,2025-01-10T22:00:34-08:00,0,9
resume/index.html,107,html,f406ab59,duoanwang,2025-01-10,22:00:34,-08:00,2025-01-10T22:00:34-08:00,0,9
resume/index.html,108,html,f406ab59,duoanwang,2025-01-10,22:00:34,-08:00,2025-01-10T22:00:34-08:00,0,6
resume/index.html,109,html,f406ab59,duoanwang,2025-01-10,22:00:34,-08:00,2025-01-10T22:00:34-08:00,0,6
resume/index.html,110,html,f406ab59,duoanwang,2025-01-10,22:00:34,-08:00,2025-01-10T22:00:34-08:00,0,6
project/project.js,1,js,8186d8fa,duoanwang,2025-01-31,22:41:45,-08:00,2025-01-31T22:41:45-08:00,0,56
project/project.js,2,js,8186d8fa,duoanwang,2025-01-31,22:41:45,-08:00,2025-01-31T22:41:45-08:00,0,56
project/project.js,3,js,8186d8fa,duoanwang,2025-01-31,22:41:45,-08:00,2025-01-31T22:41:45-08:00,0,61
project/project.js,4,js,9ee35e6a,duoanwang,2025-02-07,17:41:52,-08:00,2025-02-07T17:41:52-08:00,0,49
project/project.js,5,js,9ee35e6a,duoanwang,2025-02-07,17:41:52,-08:00,2025-02-07T17:41:52-08:00,0,64
project/project.js,6,js,9ee35e6a,duoanwang,2025-02-07,17:41:52,-08:00,2025-02-07T17:41:52-08:00,0,0
project/project.js,7,js,9ee35e6a,duoanwang,2025-02-07,17:41:52,-08:00,2025-02-07T17:41:52-08:00,0,0
project/project.js,8,js,9ee35e6a,duoanwang,2025-02-07,17:41:52,-08:00,2025-02-07T17:41:52-08:00,0,32
project/project.js,9,js,9ee35e6a,duoanwang,2025-02-07,17:41:52,-08:00,2025-02-07T17:41:52-08:00,0,28
project/project.js,10,js,9ee35e6a,duoanwang,2025-02-07,17:41:52,-08:00,2025-02-07T17:41:52-08:00,0,35
project/project.js,11,js,9ee35e6a,duoanwang,2025-02-07,17:41:52,-08:00,2025-02-07T17:41:52-08:00,0,0
project/project.js,12,js,9ee35e6a,duoanwang,2025-02-07,17:41:52,-08:00,2025-02-07T17:41:52-08:00,0,22
project/project.js,13,js,9ee35e6a,duoanwang,2025-02-07,17:41:52,-08:00,2025-02-07T17:41:52-08:00,0,0
project/project.js,14,js,9ee35e6a,duoanwang,2025-02-07,17:41:52,-08:00,2025-02-07T17:41:52-08:00,0,45
project/project.js,15,js,9ee35e6a,duoanwang,2025-02-07,17:41:52,-08:00,2025-02-07T17:41:52-08:00,0,39
project/project.js,16,js,9ee35e6a,duoanwang,2025-02-07,17:41:52,-08:00,2025-02-07T17:41:52-08:00,0,34
project/project.js,17,js,9ee35e6a,duoanwang,2025-02-07,17:41:52,-08:00,2025-02-07T17:41:52-08:00,0,30
project/project.js,18,js,9ee35e6a,duoanwang,2025-02-07,17:41:52,-08:00,2025-02-07T17:41:52-08:00,0,31
project/project.js,19,js,9ee35e6a,duoanwang,2025-02-07,17:41:52,-08:00,2025-02-07T17:41:52-08:00,0,0
project/project.js,20,js,9ee35e6a,duoanwang,2025-02-07,17:41:52,-08:00,2025-02-07T17:41:52-08:00,0,26
project/project.js,21,js,9ee35e6a,duoanwang,2025-02-07,17:41:52,-08:00,2025-02-07T17:41:52-08:00,0,30
project/project.js,22,js,9ee35e6a,duoanwang,2025-02-07,17:41:52,-08:00,2025-02-07T17:41:52-08:00,0,13
project/project.js,23,js,9ee35e6a,duoanwang,2025-02-07,17:41:52,-08:00,2025-02-07T17:41:52-08:00,0,42
project/project.js,24,js,9ee35e6a,duoanwang,2025-02-07,17:41:52,-08:00,2025-02-07T17:41:52-08:00,0,29
project/project.js,25,js,9ee35e6a,duoanwang,2025-02-07,17:41:52,-08:00,2025-02-07T17:41:52-08:00,0,1
project/project.js,26,js,9ee35e6a,duoanwang,2025-02-07,17:41:52,-08:00,2025-02-07T17:41:52-08:00,0,0
project/project.js,27,js,9ee35e6a,duoanwang,2025-02-07,17:41:52,-08:00,2025-02-07T17:41:52-08:00,0,37
project/project.js,28,js,9ee35e6a,duoanwang,2025-02-07,17:41:52,-08:00,2025-02-07T17:41:52-08:00,0,52
project/project.js,29,js,9ee35e6a,duoanwang,2025-02-07,17:41:52,-08:00,2025-02-07T17:41:52-08:00,0,12
project/project.js,30,js,9ee35e6a,duoanwang,2025-02-07,17:41:52,-08:00,2025-02-07T17:41:52-08:00,0,11
project/project.js,31,js,9ee35e6a,duoanwang,2025-02-07,17:41:52,-08:00,2025-02-07T17:41:52-08:00,0,3
project/project.js,32,js,9ee35e6a,duoanwang,2025-02-07,17:41:52,-08:00,2025-02-07T17:41:52-08:00,0,0
project/project.js,33,js,9ee35e6a,duoanwang,2025-02-07,17:41:52,-08:00,2025-02-07T17:41:52-08:00,0,51
project/project.js,34,js,9ee35e6a,duoanwang,2025-02-07,17:41:52,-08:00,2025-02-07T17:41:52-08:00,0,54
project/project.js,35,js,9ee35e6a,duoanwang,2025-02-07,17:41:52,-08:00,2025-02-07T17:41:52-08:00,0,43
project/project.js,36,js,9ee35e6a,duoanwang,2025-02-07,17:41:52,-08:00,2025-02-07T17:41:52-08:00,0,34
project/project.js,37,js,9ee35e6a,duoanwang,2025-02-07,17:41:52,-08:00,2025-02-07T17:41:52-08:00,0,41
project/project.js,38,js,9ee35e6a,duoanwang,2025-02-07,17:41:52,-08:00,2025-02-07T17:41:52-08:00,0,1
project/project.js,39,js,9ee35e6a,duoanwang,2025-02-07,17:41:52,-08:00,2025-02-07T17:41:52-08:00,0,0
project/project.js,40,js,9ee35e6a,duoanwang,2025-02-07,17:41:52,-08:00,2025-02-07T17:41:52-08:00,0,37
project/project.js,41,js,9ee35e6a,duoanwang,2025-02-07,17:41:52,-08:00,2025-02-07T17:41:52-08:00,0,30
project/project.js,42,js,9ee35e6a,duoanwang,2025-02-07,17:41:52,-08:00,2025-02-07T17:41:52-08:00,0,48
project/project.js,43,js,9ee35e6a,duoanwang,2025-02-07,17:41:52,-08:00,2025-02-07T17:41:52-08:00,0,0
project/project.js,44,js,9ee35e6a,duoanwang,2025-02-07,17:41:52,-08:00,2025-02-07T17:41:52-08:00,0,27
project/project.js,45,js,9ee35e6a,duoanwang,2025-02-07,17:41:52,-08:00,2025-02-07T17:41:52-08:00,0,20
project/project.js,46,js,9ee35e6a,duoanwang,2025-02-07,17:41:52,-08:00,2025-02-07T17:41:52-08:00,0,51
project/project.js,47,js,9ee35e6a,duoanwang,2025-02-07,17:41:52,-08:00,2025-02-07T17:41:52-08:00,0,0
project/project.js,48,js,9ee35e6a,duoanwang,2025-02-07,17:41:52,-08:00,2025-02-07T17:41:52-08:00,0,28
project/project.js,49,js,9ee35e6a,duoanwang,2025-02-07,17:41:52,-08:00,2025-02-07T17:41:52-08:00,0,21
project/project.js,50,js,9ee35e6a,duoanwang,2025-02-07,17:41:52,-08:00,2025-02-07T17:41:52-08:00,0,51
project/project.js,51,js,9ee35e6a,duoanwang,2025-02-07,17:41:52,-08:00,2025-02-07T17:41:52-08:00,0,0
project/project.js,52,js,9ee35e6a,duoanwang,2025-02-07,17:41:52,-08:00,2025-02-07T17:41:52-08:00,0,47
project/project.js,53,js,9ee35e6a,duoanwang,2025-02-07,17:41:52,-08:00,2025-02-07T17:41:52-08:00,0,26
project/project.js,54,js,9ee35e6a,duoanwang,2025-02-07,17:41:52,-08:00,2025-02-07T17:41:52-08:00,0,49
project/project.js,55,js,9ee35e6a,duoanwang,2025-02-07,17:41:52,-08:00,2025-02-07T17:41:52-08:00,0,7
project/project.js,56,js,9ee35e6a,duoanwang,2025-02-07,17:41:52,-08:00,2025-02-07T17:41:52-08:00,0,49
project/project.js,57,js,9ee35e6a,duoanwang,2025-02-07,17:41:52,-08:00,2025-02-07T17:41:52-08:00,0,81
project/project.js,58,js,9ee35e6a,duoanwang,2025-02-07,17:41:52,-08:00,2025-02-07T17:41:52-08:00,0,0
project/project.js,59,js,9ee35e6a,duoanwang,2025-02-07,17:41:52,-08:00,2025-02-07T17:41:52-08:00,0,74
project/project.js,60,js,9ee35e6a,duoanwang,2025-02-07,17:41:52,-08:00,2025-02-07T17:41:52-08:00,0,0
project/project.js,61,js,9ee35e6a,duoanwang,2025-02-07,17:41:52,-08:00,2025-02-07T17:41:52-08:00,0,0
project/project.js,62,js,9ee35e6a,duoanwang,2025-02-07,17:41:52,-08:00,2025-02-07T17:41:52-08:00,0,0
project/project.js,63,js,9ee35e6a,duoanwang,2025-02-07,17:41:52,-08:00,2025-02-07T17:41:52-08:00,0,0
project/project.js,64,js,9ee35e6a,duoanwang,2025-02-07,17:41:52,-08:00,2025-02-07T17:41:52-08:00,0,26
project/project.js,65,js,9ee35e6a,duoanwang,2025-02-07,17:41:52,-08:00,2025-02-07T17:41:52-08:00,0,30
project/project.js,66,js,9ee35e6a,duoanwang,2025-02-07,17:41:52,-08:00,2025-02-07T17:41:52-08:00,0,25
project/project.js,67,js,9ee35e6a,duoanwang,2025-02-07,17:41:52,-08:00,2025-02-07T17:41:52-08:00,0,2
project/project.js,68,js,9ee35e6a,duoanwang,2025-02-07,17:41:52,-08:00,2025-02-07T17:41:52-08:00,0,14
project/project.js,69,js,9ee35e6a,duoanwang,2025-02-07,17:41:52,-08:00,2025-02-07T17:41:52-08:00,0,14
project/project.js,70,js,9ee35e6a,duoanwang,2025-02-07,17:41:52,-08:00,2025-02-07T17:41:52-08:00,0,86
project/project.js,71,js,9ee35e6a,duoanwang,2025-02-07,17:41:52,-08:00,2025-02-07T17:41:52-08:00,0,55
project/project.js,72,js,9ee35e6a,duoanwang,2025-02-07,17:41:52,-08:00,2025-02-07T17:41:52-08:00,0,40
project/project.js,73,js,9ee35e6a,duoanwang,2025-02-07,17:41:52,-08:00,2025-02-07T17:41:52-08:00,0,0
project/project.js,74,js,9ee35e6a,duoanwang,2025-02-07,17:41:52,-08:00,2025-02-07T17:41:52-08:00,0,21
project/project.js,75,js,9ee35e6a,duoanwang,2025-02-07,17:41:52,-08:00,2025-02-07T17:41:52-08:00,0,5
project/project.js,76,js,9ee35e6a,duoanwang,2025-02-07,17:41:52,-08:00,2025-02-07T17:41:52-08:00,0,12
project/project.js,77,js,9ee35e6a,duoanwang,2025-02-07,17:41:52,-08:00,2025-02-07T17:41:52-08:00,0,71
project/project.js,78,js,9ee35e6a,duoanwang,2025-02-07,17:41:52,-08:00,2025-02-07T17:41:52-08:00,0,56
project/project.js,79,js,9ee35e6a,duoanwang,2025-02-07,17:41:52,-08:00,2025-02-07T17:41:52-08:00,0,5
project/project.js,80,js,9ee35e6a,duoanwang,2025-02-07,17:41:52,-08:00,2025-02-07T17:41:52-08:00,0,84
project/project.js,81,js,9ee35e6a,duoanwang,2025-02-07,17:41:52,-08:00,2025-02-07T17:41:52-08:00,0,0
project/project.js,82,js,9ee35e6a,duoanwang,2025-02-07,17:41:52,-08:00,2025-02-07T17:41:52-08:00,0,76
project/project.js,83,js,9ee35e6a,duoanwang,2025-02-07,17:41:52,-08:00,2025-02-07T17:41:52-08:00,0,2
project/project.js,84,js,9ee35e6a,duoanwang,2025-02-07,17:41:52,-08:00,2025-02-07T17:41:52-08:00,0,0
project/project.js,85,js,9ee35e6a,duoanwang,2025-02-07,17:41:52,-08:00,2025-02-07T17:41:52-08:00,0,0
project/project.js,86,js,9ee35e6a,duoanwang,2025-02-07,17:41:52,-08:00,2025-02-07T17:41:52-08:00,0,65
project/project.js,87,js,9ee35e6a,duoanwang,2025-02-07,17:41:52,-08:00,2025-02-07T17:41:52-08:00,0,24
project/project.js,88,js,9ee35e6a,duoanwang,2025-02-07,17:41:52,-08:00,2025-02-07T17:41:52-08:00,0,0
project/project.js,89,js,9ee35e6a,duoanwang,2025-02-07,17:41:52,-08:00,2025-02-07T17:41:52-08:00,0,26
project/project.js,90,js,9ee35e6a,duoanwang,2025-02-07,17:41:52,-08:00,2025-02-07T17:41:52-08:00,0,54
project/project.js,91,js,9ee35e6a,duoanwang,2025-02-07,17:41:52,-08:00,2025-02-07T17:41:52-08:00,0,49
project/project.js,92,js,9ee35e6a,duoanwang,2025-02-07,17:41:52,-08:00,2025-02-07T17:41:52-08:00,0,44
project/project.js,93,js,9ee35e6a,duoanwang,2025-02-07,17:41:52,-08:00,2025-02-07T17:41:52-08:00,0,50
project/project.js,94,js,9ee35e6a,duoanwang,2025-02-07,17:41:52,-08:00,2025-02-07T17:41:52-08:00,0,62
project/project.js,95,js,9ee35e6a,duoanwang,2025-02-07,17:41:52,-08:00,2025-02-07T17:41:52-08:00,0,1
project/project.js,96,js,9ee35e6a,duoanwang,2025-02-07,17:41:52,-08:00,2025-02-07T17:41:52-08:00,0,0
project/project.js,97,js,9ee35e6a,duoanwang,2025-02-07,17:41:52,-08:00,2025-02-07T17:41:52-08:00,0,69
project/project.js,98,js,9ee35e6a,duoanwang,2025-02-07,17:41:52,-08:00,2025-02-07T17:41:52-08:00,0,70
project/project.js,99,js,9ee35e6a,duoanwang,2025-02-07,17:41:52,-08:00,2025-02-07T17:41:52-08:00,0,18
project/project.js,100,js,9ee35e6a,duoanwang,2025-02-07,17:41:52,-08:00,2025-02-07T17:41:52-08:00,0,0
project/project.js,101,js,9ee35e6a,duoanwang,2025-02-07,17:41:52,-08:00,2025-02-07T17:41:52-08:00,0,0
project/project.js,102,js,9ee35e6a,duoanwang,2025-02-07,17:41:52,-08:00,2025-02-07T17:41:52-08:00,0,34
project/project.js,103,js,9ee35e6a,duoanwang,2025-02-07,17:41:52,-08:00,2025-02-07T17:41:52-08:00,0,74
project/project.js,104,js,9ee35e6a,duoanwang,2025-02-07,17:41:52,-08:00,2025-02-07T17:41:52-08:00,0,32
project/project.js,105,js,9ee35e6a,duoanwang,2025-02-07,17:41:52,-08:00,2025-02-07T17:41:52-08:00,0,2
project/index.html,1,html,012b3e1e,duoanwang,2025-01-10,14:22:55,-08:00,2025-01-10T14:22:55-08:00,0,14
project/index.html,2,html,012b3e1e,duoanwang,2025-01-10,14:22:55,-08:00,2025-01-10T14:22:55-08:00,0,15
project/index.html,3,html,012b3e1e,duoanwang,2025-01-10,14:22:55,-08:00,2025-01-10T14:22:55-08:00,0,5
project/index.html,4,html,012b3e1e,duoanwang,2025-01-10,14:22:55,-08:00,2025-01-10T14:22:55-08:00,0,21
project/index.html,5,html,012b3e1e,duoanwang,2025-01-10,14:22:55,-08:00,2025-01-10T14:22:55-08:00,0,69
project/index.html,6,html,012b3e1e,duoanwang,2025-01-10,14:22:55,-08:00,2025-01-10T14:22:55-08:00,0,22
project/index.html,7,html,3b270476,duoanwang,2025-01-17,23:13:11,-08:00,2025-01-17T23:13:11-08:00,0,42
project/index.html,8,html,012b3e1e,duoanwang,2025-01-10,14:22:55,-08:00,2025-01-10T14:22:55-08:00,0,6
project/index.html,9,html,012b3e1e,duoanwang,2025-01-10,14:22:55,-08:00,2025-01-10T14:22:55-08:00,0,5
project/index.html,10,html,8186d8fa,duoanwang,2025-01-31,22:41:45,-08:00,2025-01-31T22:41:45-08:00,0,42
project/index.html,11,html,3b270476,duoanwang,2025-01-17,23:13:11,-08:00,2025-01-17T23:13:11-08:00,0,0
project/index.html,12,html,9ee35e6a,duoanwang,2025-02-07,17:41:52,-08:00,2025-02-07T17:41:52-08:00,0,22
project/index.html,13,html,9ee35e6a,duoanwang,2025-02-07,17:41:52,-08:00,2025-02-07T17:41:52-08:00,0,49
project/index.html,14,html,9ee35e6a,duoanwang,2025-02-07,17:41:52,-08:00,2025-02-07T17:41:52-08:00,0,5
project/index.html,15,html,9ee35e6a,duoanwang,2025-02-07,17:41:52,-08:00,2025-02-07T17:41:52-08:00,0,0
project/index.html,16,html,9ee35e6a,duoanwang,2025-02-07,17:41:52,-08:00,2025-02-07T17:41:52-08:00,0,18
project/index.html,17,html,9ee35e6a,duoanwang,2025-02-07,17:41:52,-08:00,2025-02-07T17:41:52-08:00,0,4
project/index.html,18,html,9ee35e6a,duoanwang,2025-02-07,17:41:52,-08:00,2025-02-07T17:41:52-08:00,0,5
project/index.html,19,html,9ee35e6a,duoanwang,2025-02-07,17:41:52,-08:00,2025-02-07T17:41:52-08:00,0,0
project/index.html,20,html,9ee35e6a,duoanwang,2025-02-07,17:41:52,-08:00,2025-02-07T17:41:52-08:00,0,23
project/index.html,21,html,9ee35e6a,duoanwang,2025-02-07,17:41:52,-08:00,2025-02-07T17:41:52-08:00,0,12
project/index.html,22,html,9ee35e6a,duoanwang,2025-02-07,17:41:52,-08:00,2025-02-07T17:41:52-08:00,0,27
project/index.html,23,html,9ee35e6a,duoanwang,2025-02-07,17:41:52,-08:00,2025-02-07T17:41:52-08:00,0,32
project/index.html,24,html,9ee35e6a,duoanwang,2025-02-07,17:41:52,-08:00,2025-02-07T17:41:52-08:00,0,1
project/index.html,25,html,9ee35e6a,duoanwang,2025-02-07,17:41:52,-08:00,2025-02-07T17:41:52-08:00,0,9
project/index.html,26,html,9ee35e6a,duoanwang,2025-02-07,17:41:52,-08:00,2025-02-07T17:41:52-08:00,0,0
project/index.html,27,html,3b270476,duoanwang,2025-01-17,23:13:11,-08:00,2025-01-17T23:13:11-08:00,0,21
project/index.html,28,html,8186d8fa,duoanwang,2025-01-31,22:41:45,-08:00,2025-01-31T22:41:45-08:00,0,49
project/index.html,29,html,8186d8fa,duoanwang,2025-01-31,22:41:45,-08:00,2025-01-31T22:41:45-08:00,0,47
project/index.html,30,html,3b270476,duoanwang,2025-01-17,23:13:11,-08:00,2025-01-17T23:13:11-08:00,0,5
project/index.html,31,html,ccdf2f8e,duoanwang,2025-01-10,15:14:05,-08:00,2025-01-10T15:14:05-08:00,0,0
project/index.html,32,html,012b3e1e,duoanwang,2025-01-10,14:22:55,-08:00,2025-01-10T14:22:55-08:00,0,6
project/index.html,33,html,012b3e1e,duoanwang,2025-01-10,14:22:55,-08:00,2025-01-10T14:22:55-08:00,0,6
meta/index.html,1,html,297b03c9,duoanwang,2025-02-15,15:46:54,-08:00,2025-02-15T15:46:54-08:00,0,14
meta/index.html,2,html,297b03c9,duoanwang,2025-02-15,15:46:54,-08:00,2025-02-15T15:46:54-08:00,0,15
meta/index.html,3,html,297b03c9,duoanwang,2025-02-15,15:46:54,-08:00,2025-02-15T15:46:54-08:00,0,5
meta/index.html,4,html,297b03c9,duoanwang,2025-02-15,15:46:54,-08:00,2025-02-15T15:46:54-08:00,0,21
meta/index.html,5,html,297b03c9,duoanwang,2025-02-15,15:46:54,-08:00,2025-02-15T15:46:54-08:00,0,69
meta/index.html,6,html,297b03c9,duoanwang,2025-02-15,15:46:54,-08:00,2025-02-15T15:46:54-08:00,0,18
meta/index.html,7,html,297b03c9,duoanwang,2025-02-15,15:46:54,-08:00,2025-02-15T15:46:54-08:00,0,42
meta/index.html,8,html,297b03c9,duoanwang,2025-02-15,15:46:54,-08:00,2025-02-15T15:46:54-08:00,0,6
meta/index.html,9,html,297b03c9,duoanwang,2025-02-15,15:46:54,-08:00,2025-02-15T15:46:54-08:00,0,0
meta/index.html,10,html,297b03c9,duoanwang,2025-02-15,15:46:54,-08:00,2025-02-15T15:46:54-08:00,0,5
meta/index.html,11,html,297b03c9,duoanwang,2025-02-15,15:46:54,-08:00,2025-02-15T15:46:54-08:00,0,49
meta/index.html,12,html,297b03c9,duoanwang,2025-02-15,15:46:54,-08:00,2025-02-15T15:46:54-08:00,0,0
meta/index.html,13,html,297b03c9,duoanwang,2025-02-15,15:46:54,-08:00,2025-02-15T15:46:54-08:00,0,12
meta/index.html,14,html,297b03c9,duoanwang,2025-02-15,15:46:54,-08:00,2025-02-15T15:46:54-08:00,0,62
meta/index.html,15,html,297b03c9,duoanwang,2025-02-15,15:46:54,-08:00,2025-02-15T15:46:54-08:00,0,0
meta/index.html,16,html,297b03c9,duoanwang,2025-02-15,15:46:54,-08:00,2025-02-15T15:46:54-08:00,0,6
meta/index.html,17,html,297b03c9,duoanwang,2025-02-15,15:46:54,-08:00,2025-02-15T15:46:54-08:00,0,6
contact/index.html,1,html,012b3e1e,duoanwang,2025-01-10,14:22:55,-08:00,2025-01-10T14:22:55-08:00,0,14
contact/index.html,2,html,012b3e1e,duoanwang,2025-01-10,14:22:55,-08:00,2025-01-10T14:22:55-08:00,0,15
contact/index.html,3,html,012b3e1e,duoanwang,2025-01-10,14:22:55,-08:00,2025-01-10T14:22:55-08:00,0,5
contact/index.html,4,html,012b3e1e,duoanwang,2025-01-10,14:22:55,-08:00,2025-01-10T14:22:55-08:00,0,21
contact/index.html,5,html,012b3e1e,duoanwang,2025-01-10,14:22:55,-08:00,2025-01-10T14:22:55-08:00,0,69
contact/index.html,6,html,515a1d98,duoanwang,2025-01-24,22:08:02,-08:00,2025-01-24T22:08:02-08:00,0,21
contact/index.html,7,html,3b270476,duoanwang,2025-01-17,23:13:11,-08:00,2025-01-17T23:13:11-08:00,0,42
contact/index.html,8,html,012b3e1e,duoanwang,2025-01-10,14:22:55,-08:00,2025-01-10T14:22:55-08:00,0,6
contact/index.html,9,html,012b3e1e,duoanwang,2025-01-10,14:22:55,-08:00,2025-01-10T14:22:55-08:00,0,5
contact/index.html,10,html,6b7cfc5a,duoanwang,2025-01-24,14:26:22,-08:00,2025-01-24T14:26:22-08:00,0,49
contact/index.html,11,html,6b7cfc5a,duoanwang,2025-01-24,14:26:22,-08:00,2025-01-24T14:26:22-08:00,0,0
contact/index.html,12,html,6b7cfc5a,duoanwang,2025-01-24,14:26:22,-08:00,2025-01-24T14:26:22-08:00,0,18
contact/index.html,13,html,6b7cfc5a,duoanwang,2025-01-24,14:26:22,-08:00,2025-01-24T14:26:22-08:00,0,50
contact/index.html,14,html,6b7cfc5a,duoanwang,2025-01-24,14:26:22,-08:00,2025-01-24T14:26:22-08:00,0,37
contact/index.html,15,html,6b7cfc5a,duoanwang,2025-01-24,14:26:22,-08:00,2025-01-24T14:26:22-08:00,0,45
contact/index.html,16,html,3b270476,duoanwang,2025-01-17,23:13:11,-08:00,2025-01-17T23:13:11-08:00,0,36
contact/index.html,17,html,6b7cfc5a,duoanwang,2025-01-24,14:26:22,-08:00,2025-01-24T14:26:22-08:00,0,44
contact/index.html,18,html,6b7cfc5a,duoanwang,2025-01-24,14:26:22,-08:00,2025-01-24T14:26:22-08:00,0,33
contact/index.html,19,html,6b7cfc5a,duoanwang,2025-01-24,14:26:22,-08:00,2025-01-24T14:26:22-08:00,0,51
contact/index.html,20,html,6b7cfc5a,duoanwang,2025-01-24,14:26:22,-08:00,2025-01-24T14:26:22-08:00,0,20
contact/index.html,21,html,012b3e1e,duoanwang,2025-01-10,14:22:55,-08:00,2025-01-10T14:22:55-08:00,0,6
contact/index.html,22,html,012b3e1e,duoanwang,2025-01-10,14:22:55,-08:00,2025-01-10T14:22:55-08:00,0,6
